Date (UTC),Timestamp (UTC),<-150k,-150k – -100k,-100k – -50k,-50k – 0,0 – 50k,50k – 100k,100k+
03-11-2026 18:00,1773252000,0.365,0.315,0.315,0.315,0.315,0.315,0.415
03-11-2026 19:00,1773255600,0.365,0.315,0.31,0.315,0.315,0.315,0.415
03-11-2026 20:00,1773259200,0.365,0.315,0.315,0.315,0.315,0.315,0.415
03-11-2026 21:00,1773262800,0.2,0.315,0.32,0.32,0.35,0.345,0.425
03-11-2026 22:00,1773266400,0.12,0.315,0.32,0.32,0.35,0.345,0.425
03-11-2026 23:00,1773270000,0.125,0.315,0.32,0.32,0.35,0.345,0.375
03-12-2026 00:00,1773273600,0.255,0.315,0.32,0.32,0.345,0.34,0.37
03-12-2026 01:00,1773277200,0.345,0.335,0.305,0.375,0.275,0.38,0.39
03-12-2026 02:00,1773280800,0.345,0.205,0.205,0.255,0.195,0.225,0.225
03-12-2026 03:00,1773284400,0.16,0.1,0.15,0.2,0.17,0.17,0.16
03-12-2026 04:00,1773288000,0.155,0.105,0.15,0.2,0.17,0.17,0.16
03-12-2026 05:00,1773291600,0.155,0.105,0.15,0.2,0.175,0.175,0.165
03-12-2026 06:00,1773295200,0.12,0.1,0.14,0.12,0.175,0.175,0.165
03-12-2026 07:00,1773298800,0.065,0.1,0.14,0.12,0.175,0.175,0.165
03-12-2026 08:00,1773302400,0.07,0.1,0.14,0.13,0.18,0.18,0.155
03-12-2026 09:00,1773306000,0.075,0.115,0.135,0.155,0.18,0.18,0.165
03-12-2026 10:00,1773309600,0.075,0.115,0.135,0.155,0.185,0.185,0.165
03-12-2026 11:00,1773313200,0.07,0.115,0.135,0.155,0.185,0.195,0.165
03-12-2026 12:00,1773316800,0.07,0.115,0.135,0.155,0.185,0.195,0.165
03-12-2026 13:00,1773320400,0.07,0.115,0.135,0.155,0.185,0.195,0.165
03-12-2026 14:00,1773324000,0.075,0.115,0.135,0.155,0.185,0.195,0.165
03-12-2026 15:00,1773327600,0.065,0.105,0.135,0.145,0.2,0.2,0.17
03-12-2026 16:00,1773331200,0.065,0.11,0.135,0.145,0.19,0.205,0.17
03-12-2026 17:00,1773334800,0.065,0.11,0.135,0.145,0.185,0.205,0.17
03-12-2026 18:00,1773338400,0.065,0.11,0.135,0.14,0.185,0.2,0.17
03-12-2026 19:00,1773342000,0.06,0.095,0.135,0.13,0.185,0.2,0.175
03-12-2026 20:00,1773345600,0.06,0.095,0.135,0.13,0.185,0.2,0.175
03-12-2026 21:00,1773349200,0.06,0.095,0.135,0.13,0.185,0.2,0.175
03-12-2026 22:00,1773352800,0.06,0.095,0.135,0.13,0.185,0.2,0.175
03-12-2026 23:00,1773356400,0.055,0.095,0.115,0.125,0.195,0.195,0.175
03-13-2026 00:00,1773360000,0.055,0.095,0.105,0.12,0.245,0.21,0.175
03-13-2026 01:00,1773363600,0.055,0.095,0.11,0.12,0.245,0.235,0.23
03-13-2026 02:00,1773367200,0.055,0.065,0.07,0.085,0.255,0.235,0.235
03-13-2026 03:00,1773370800,0.055,0.055,0.07,0.085,0.305,0.235,0.235
03-13-2026 04:00,1773374400,0.055,0.05,0.07,0.095,0.32,0.245,0.225
03-13-2026 05:00,1773378000,0.055,0.05,0.07,0.095,0.32,0.245,0.225
03-13-2026 06:00,1773381600,0.055,0.05,0.07,0.095,0.325,0.245,0.225
03-13-2026 07:00,1773385200,0.055,0.05,0.07,0.095,0.325,0.245,0.22
03-13-2026 08:00,1773388800,0.055,0.05,0.07,0.095,0.325,0.245,0.225
03-13-2026 09:00,1773392400,0.055,0.05,0.07,0.095,0.315,0.245,0.225
03-13-2026 10:00,1773396000,0.055,0.05,0.07,0.095,0.315,0.25,0.225
03-13-2026 11:00,1773399600,0.055,0.05,0.07,0.095,0.32,0.245,0.225
03-13-2026 12:00,1773403200,0.055,0.05,0.07,0.095,0.325,0.255,0.225
03-13-2026 13:00,1773406800,0.05,0.05,0.07,0.095,0.32,0.255,0.225
03-13-2026 14:00,1773410400,0.05,0.05,0.07,0.095,0.305,0.255,0.23
03-13-2026 15:00,1773414000,0.05,0.05,0.07,0.095,0.3,0.255,0.23
03-13-2026 16:00,1773417600,0.05,0.055,0.07,0.095,0.305,0.255,0.23
03-13-2026 17:00,1773421200,0.05,0.055,0.075,0.095,0.235,0.24,0.225
03-13-2026 18:00,1773424800,0.05,0.055,0.075,0.095,0.23,0.24,0.225
03-13-2026 19:00,1773428400,0.05,0.055,0.075,0.095,0.355,0.24,0.2
03-13-2026 20:00,1773432000,0.05,0.055,0.075,0.095,0.24,0.24,0.21
03-13-2026 21:00,1773435600,0.05,0.055,0.075,0.095,0.23,0.24,0.21
03-13-2026 22:00,1773439200,0.05,0.055,0.075,0.095,0.325,0.24,0.195
03-13-2026 23:00,1773442800,0.05,0.055,0.075,0.095,0.325,0.24,0.205
03-14-2026 00:00,1773446400,0.05,0.055,0.075,0.095,0.325,0.24,0.205
03-14-2026 01:00,1773450000,0.05,0.055,0.075,0.095,0.32,0.24,0.195
03-14-2026 02:00,1773453600,0.05,0.055,0.075,0.095,0.32,0.24,0.195
03-14-2026 03:00,1773457200,0.05,0.055,0.075,0.095,0.32,0.24,0.195
03-14-2026 04:00,1773460800,0.05,0.055,0.075,0.095,0.325,0.24,0.195
03-14-2026 05:00,1773464400,0.04,0.055,0.075,0.095,0.325,0.24,0.195
03-14-2026 06:00,1773468000,0.04,0.055,0.075,0.095,0.325,0.24,0.195
03-14-2026 07:00,1773471600,0.04,0.055,0.085,0.095,0.325,0.24,0.195
03-14-2026 08:00,1773475200,0.04,0.055,0.085,0.095,0.32,0.24,0.195
03-14-2026 09:00,1773478800,0.04,0.055,0.085,0.095,0.335,0.24,0.195
03-14-2026 10:00,1773482400,0.04,0.055,0.085,0.095,0.33,0.24,0.195
03-14-2026 11:00,1773486000,0.04,0.05,0.085,0.09,0.34,0.24,0.195
03-14-2026 12:00,1773489600,0.04,0.045,0.085,0.095,0.37,0.24,0.195
03-14-2026 13:00,1773493200,0.04,0.045,0.055,0.095,0.335,0.24,0.195
03-14-2026 14:00,1773496800,0.04,0.045,0.055,0.095,0.345,0.24,0.195
03-14-2026 15:00,1773500400,0.04,0.045,0.055,0.095,0.345,0.25,0.195
03-14-2026 16:00,1773504000,0.04,0.045,0.055,0.095,0.345,0.25,0.195
03-14-2026 17:00,1773507600,0.04,0.05,0.055,0.095,0.345,0.25,0.195
03-14-2026 18:00,1773511200,0.04,0.05,0.055,0.095,0.345,0.25,0.195
03-14-2026 19:00,1773514800,0.04,0.05,0.055,0.095,0.345,0.25,0.2
03-14-2026 20:00,1773518400,0.04,0.045,0.055,0.095,0.345,0.25,0.195
03-14-2026 21:00,1773522000,0.04,0.05,0.055,0.095,0.345,0.25,0.195
03-14-2026 22:00,1773525600,0.04,0.045,0.055,0.095,0.37,0.25,0.195
03-14-2026 23:00,1773529200,0.04,0.045,0.055,0.095,0.37,0.25,0.2
03-15-2026 00:00,1773532800,0.04,0.045,0.055,0.095,0.375,0.25,0.2
03-15-2026 01:00,1773536400,0.04,0.045,0.06,0.095,0.37,0.25,0.195
03-15-2026 02:00,1773540000,0.04,0.045,0.06,0.195,0.365,0.23,0.195
03-15-2026 03:00,1773543600,0.04,0.045,0.06,0.185,0.37,0.23,0.2
03-15-2026 04:00,1773547200,0.04,0.045,0.06,0.185,0.375,0.225,0.2
03-15-2026 05:00,1773550800,0.04,0.05,0.06,0.185,0.375,0.225,0.195
03-15-2026 06:00,1773554400,0.04,0.045,0.06,0.185,0.375,0.225,0.195
03-15-2026 07:00,1773558000,0.04,0.045,0.06,0.18,0.37,0.225,0.19
03-15-2026 08:00,1773561600,0.04,0.05,0.06,0.185,0.37,0.225,0.19
03-15-2026 09:00,1773565200,0.04,0.05,0.06,0.18,0.375,0.225,0.19
03-15-2026 10:00,1773568800,0.04,0.05,0.06,0.09,0.375,0.225,0.19
03-15-2026 11:00,1773572400,0.04,0.055,0.06,0.185,0.38,0.225,0.2
03-15-2026 12:00,1773576000,0.04,0.05,0.06,0.18,0.37,0.225,0.195
03-15-2026 13:00,1773579600,0.0305,0.05,0.06,0.185,0.385,0.225,0.195
03-15-2026 14:00,1773583200,0.0305,0.05,0.06,0.185,0.385,0.225,0.195
03-15-2026 15:00,1773586800,0.0305,0.045,0.06,0.18,0.375,0.245,0.195
03-15-2026 16:00,1773590400,0.0305,0.045,0.06,0.185,0.375,0.245,0.2
03-15-2026 17:00,1773594000,0.0305,0.05,0.06,0.185,0.385,0.245,0.2
03-15-2026 18:00,1773597600,0.0305,0.045,0.06,0.185,0.38,0.245,0.2
03-15-2026 19:00,1773601200,0.0305,0.045,0.055,0.155,0.365,0.45,0.2
03-15-2026 20:00,1773604800,0.0305,0.045,0.055,0.155,0.335,0.44,0.205
03-15-2026 21:00,1773608400,0.0305,0.045,0.055,0.155,0.32,0.435,0.205
03-15-2026 22:00,1773612000,0.0305,0.045,0.055,0.155,0.32,0.44,0.205
03-15-2026 23:00,1773615600,0.0305,0.04,0.055,0.155,0.31,0.44,0.205
03-16-2026 00:00,1773619200,0.0305,0.04,0.05,0.15,0.305,0.435,0.205
03-16-2026 01:00,1773622800,0.0305,0.04,0.05,0.15,0.325,0.44,0.2
03-16-2026 02:00,1773626400,0.0305,0.04,0.05,0.15,0.32,0.44,0.2
03-16-2026 03:00,1773630000,0.0305,0.04,0.05,0.15,0.315,0.435,0.2
03-16-2026 04:00,1773633600,0.0305,0.04,0.05,0.145,0.315,0.435,0.2
03-16-2026 05:00,1773637200,0.0305,0.04,0.05,0.145,0.31,0.355,0.2
03-16-2026 06:00,1773640800,0.0305,0.04,0.05,0.145,0.33,0.43,0.2
03-16-2026 07:00,1773644400,0.0305,0.04,0.05,0.145,0.33,0.43,0.2
03-16-2026 08:00,1773648000,0.026,0.0355,0.05,0.14,0.325,0.455,0.2
03-16-2026 09:00,1773651600,0.026,0.0355,0.05,0.14,0.31,0.455,0.2
03-16-2026 10:00,1773655200,0.0265,0.0355,0.05,0.145,0.305,0.485,0.2
03-16-2026 11:00,1773658800,0.0265,0.0355,0.05,0.145,0.3,0.435,0.2
03-16-2026 12:00,1773662400,0.0265,0.0355,0.05,0.145,0.295,0.38,0.2
03-16-2026 13:00,1773666000,0.0265,0.0355,0.05,0.145,0.295,0.48,0.2
03-16-2026 14:00,1773669600,0.0265,0.038,0.05,0.145,0.295,0.425,0.2
03-16-2026 15:00,1773673200,0.0215,0.0355,0.065,0.13,0.225,0.275,0.2
03-16-2026 16:00,1773676800,0.0145,0.0355,0.065,0.13,0.225,0.31,0.195
03-16-2026 17:00,1773680400,0.0165,0.0305,0.065,0.13,0.225,0.27,0.195
03-16-2026 18:00,1773684000,0.0265,0.036,0.05,0.145,0.35,0.305,0.195
03-16-2026 19:00,1773687600,0.0265,0.038,0.05,0.145,0.355,0.305,0.195
03-16-2026 20:00,1773691200,0.0265,0.038,0.05,0.145,0.365,0.305,0.195
03-16-2026 21:00,1773694800,0.0265,0.038,0.05,0.145,0.355,0.305,0.195
03-16-2026 22:00,1773698400,0.0215,0.0355,0.07,0.135,0.225,0.275,0.195
03-16-2026 23:00,1773702000,0.0215,0.0355,0.07,0.135,0.225,0.275,0.195
03-17-2026 00:00,1773705600,0.0265,0.0385,0.07,0.16,0.33,0.305,0.195
03-17-2026 01:00,1773709200,0.0215,0.0355,0.07,0.135,0.225,0.275,0.195
03-17-2026 02:00,1773712800,0.0215,0.0355,0.07,0.135,0.22,0.275,0.195
03-17-2026 03:00,1773716400,0.0215,0.0355,0.07,0.135,0.22,0.275,0.195
03-17-2026 04:00,1773720000,0.0265,0.0375,0.07,0.16,0.22,0.27,0.195
03-17-2026 05:00,1773723600,0.0215,0.0355,0.07,0.135,0.22,0.275,0.2
03-17-2026 06:00,1773727200,0.0265,0.0385,0.07,0.16,0.31,0.275,0.2
03-17-2026 07:00,1773730800,0.0265,0.0385,0.07,0.16,0.29,0.27,0.2
03-17-2026 08:00,1773734400,0.0265,0.038,0.07,0.16,0.275,0.27,0.2
03-17-2026 09:00,1773738000,0.0265,0.038,0.07,0.16,0.315,0.27,0.2
03-17-2026 10:00,1773741600,0.026,0.038,0.07,0.16,0.325,0.27,0.2
03-17-2026 11:00,1773745200,0.0265,0.038,0.07,0.16,0.32,0.27,0.2
03-17-2026 12:00,1773748800,0.0265,0.038,0.07,0.16,0.31,0.27,0.2
03-17-2026 13:00,1773752400,0.0215,0.0355,0.07,0.135,0.22,0.275,0.195
03-17-2026 14:00,1773756000,0.0265,0.0375,0.07,0.16,0.22,0.27,0.195
03-17-2026 15:00,1773759600,0.0265,0.0375,0.07,0.16,0.33,0.27,0.195
03-17-2026 16:00,1773763200,0.0265,0.0375,0.07,0.16,0.325,0.27,0.2
03-17-2026 17:00,1773766800,0.0265,0.0375,0.07,0.16,0.325,0.4,0.2
03-17-2026 18:00,1773770400,0.0265,0.0375,0.07,0.165,0.325,0.4,0.195
03-17-2026 19:00,1773774000,0.0215,0.0355,0.065,0.135,0.22,0.285,0.195
03-17-2026 20:00,1773777600,0.0265,0.04,0.075,0.17,0.32,0.345,0.195
03-17-2026 21:00,1773781200,0.0265,0.0375,0.075,0.17,0.315,0.345,0.195
03-17-2026 22:00,1773784800,0.0265,0.0375,0.07,0.165,0.315,0.345,0.195
03-17-2026 23:00,1773788400,0.0265,0.036,0.07,0.165,0.315,0.345,0.195
03-18-2026 00:00,1773792000,0.0265,0.0375,0.07,0.165,0.325,0.345,0.195
03-18-2026 01:00,1773795600,0.0265,0.0375,0.07,0.165,0.325,0.345,0.195
03-18-2026 02:00,1773799200,0.027,0.038,0.07,0.165,0.325,0.34,0.195
03-18-2026 03:00,1773802800,0.027,0.0375,0.07,0.165,0.32,0.345,0.195
03-18-2026 04:00,1773806400,0.027,0.038,0.07,0.165,0.32,0.345,0.195
03-18-2026 05:00,1773810000,0.027,0.038,0.07,0.165,0.32,0.345,0.195
03-18-2026 06:00,1773813600,0.027,0.038,0.07,0.165,0.32,0.345,0.195
03-18-2026 07:00,1773817200,0.027,0.038,0.07,0.165,0.32,0.345,0.195
03-18-2026 08:00,1773820800,0.027,0.037,0.07,0.165,0.315,0.345,0.195
03-18-2026 09:00,1773824400,0.027,0.037,0.07,0.165,0.315,0.345,0.195
03-18-2026 10:00,1773828000,0.027,0.0375,0.07,0.165,0.315,0.345,0.195
03-18-2026 11:00,1773831600,0.027,0.047,0.07,0.165,0.31,0.345,0.195
03-18-2026 12:00,1773835200,0.027,0.0475,0.05,0.15,0.305,0.34,0.195
03-18-2026 13:00,1773838800,0.027,0.0475,0.05,0.15,0.36,0.335,0.195
03-18-2026 14:00,1773842400,0.027,0.0475,0.05,0.15,0.355,0.335,0.195
03-18-2026 15:00,1773846000,0.027,0.0475,0.05,0.15,0.355,0.335,0.195
03-18-2026 16:00,1773849600,0.027,0.0475,0.05,0.15,0.355,0.335,0.19
03-18-2026 17:00,1773853200,0.027,0.0475,0.05,0.15,0.355,0.335,0.19
03-18-2026 18:00,1773856800,0.027,0.0475,0.05,0.15,0.355,0.335,0.19
03-18-2026 19:00,1773860400,0.027,0.0475,0.06,0.15,0.355,0.335,0.19
03-18-2026 20:00,1773864000,0.027,0.0475,0.055,0.15,0.34,0.33,0.19
03-18-2026 21:00,1773867600,0.027,0.0475,0.06,0.15,0.345,0.33,0.19
03-18-2026 22:00,1773871200,0.027,0.0475,0.06,0.15,0.33,0.33,0.19
03-18-2026 23:00,1773874800,0.027,0.0475,0.06,0.15,0.345,0.325,0.195
03-19-2026 00:00,1773878400,0.027,0.0475,0.06,0.15,0.345,0.33,0.195
03-19-2026 01:00,1773882000,0.027,0.0475,0.055,0.145,0.34,0.335,0.195
03-19-2026 02:00,1773885600,0.027,0.0475,0.055,0.145,0.34,0.335,0.195
03-19-2026 03:00,1773889200,0.027,0.043,0.065,0.13,0.33,0.33,0.195
03-19-2026 04:00,1773892800,0.027,0.0475,0.055,0.145,0.335,0.335,0.195
03-19-2026 05:00,1773896400,0.027,0.0475,0.055,0.145,0.335,0.335,0.195
03-19-2026 06:00,1773900000,0.027,0.0475,0.055,0.145,0.335,0.335,0.195
03-19-2026 07:00,1773903600,0.027,0.0475,0.055,0.145,0.33,0.33,0.195
03-19-2026 08:00,1773907200,0.027,0.0475,0.06,0.155,0.33,0.33,0.195
03-19-2026 09:00,1773910800,0.027,0.0475,0.06,0.16,0.335,0.335,0.195
03-19-2026 10:00,1773914400,0.027,0.0475,0.055,0.16,0.335,0.335,0.19
03-19-2026 11:00,1773918000,0.027,0.0475,0.06,0.16,0.335,0.335,0.19
03-19-2026 12:00,1773921600,0.027,0.0475,0.06,0.16,0.335,0.335,0.19
03-19-2026 13:00,1773925200,0.027,0.0475,0.055,0.16,0.33,0.335,0.19
03-19-2026 14:00,1773928800,0.027,0.0475,0.06,0.16,0.335,0.335,0.19
03-19-2026 15:00,1773932400,0.027,0.0475,0.05,0.16,0.335,0.335,0.19
03-19-2026 16:00,1773936000,0.027,0.0475,0.05,0.16,0.335,0.335,0.19
03-19-2026 17:00,1773939600,0.027,0.0475,0.05,0.16,0.33,0.335,0.19
03-19-2026 18:00,1773943200,0.027,0.0475,0.05,0.16,0.33,0.335,0.2
03-19-2026 19:00,1773946800,0.027,0.0475,0.05,0.16,0.33,0.335,0.2
03-19-2026 20:00,1773950400,0.022,0.0425,0.065,0.13,0.22,0.27,0.2
03-19-2026 21:00,1773954000,0.027,0.047,0.05,0.16,0.325,0.33,0.17
03-19-2026 22:00,1773957600,0.027,0.0475,0.05,0.16,0.33,0.335,0.17
03-19-2026 23:00,1773961200,0.027,0.0475,0.05,0.16,0.33,0.335,0.17
03-20-2026 00:00,1773964800,0.027,0.0475,0.05,0.16,0.34,0.335,0.245
03-20-2026 01:00,1773968400,0.027,0.0475,0.05,0.16,0.34,0.335,0.24
03-20-2026 02:00,1773972000,0.027,0.0475,0.05,0.16,0.335,0.335,0.245
03-20-2026 03:00,1773975600,0.027,0.0475,0.05,0.16,0.335,0.335,0.245
03-20-2026 04:00,1773979200,0.027,0.0475,0.05,0.16,0.335,0.335,0.16
03-20-2026 05:00,1773982800,0.027,0.0475,0.05,0.16,0.335,0.335,0.16
03-20-2026 06:00,1773986400,0.027,0.0475,0.05,0.16,0.335,0.335,0.205
03-20-2026 07:00,1773990000,0.027,0.0475,0.05,0.155,0.33,0.33,0.205
03-20-2026 08:00,1773993600,0.027,0.0475,0.05,0.155,0.33,0.33,0.205
03-20-2026 09:00,1773997200,0.027,0.0475,0.05,0.155,0.33,0.33,0.205
03-20-2026 10:00,1774000800,0.027,0.0475,0.05,0.16,0.33,0.335,0.205
03-20-2026 11:00,1774004400,0.027,0.0475,0.05,0.16,0.335,0.335,0.205
03-20-2026 12:00,1774008000,0.027,0.0475,0.05,0.16,0.335,0.335,0.205
03-20-2026 13:00,1774011600,0.027,0.0475,0.05,0.16,0.335,0.335,0.205
03-20-2026 14:00,1774015200,0.0275,0.0475,0.05,0.155,0.33,0.33,0.205
03-20-2026 15:00,1774018800,0.0275,0.0475,0.05,0.16,0.335,0.335,0.205
03-20-2026 16:00,1774022400,0.0315,0.0475,0.05,0.16,0.335,0.335,0.205
03-20-2026 17:00,1774026000,0.0335,0.0475,0.05,0.16,0.335,0.335,0.205
03-20-2026 18:00,1774029600,0.0335,0.0475,0.05,0.16,0.33,0.335,0.205
03-20-2026 19:00,1774033200,0.0335,0.0475,0.05,0.16,0.325,0.335,0.205
03-20-2026 20:00,1774036800,0.033,0.0475,0.05,0.16,0.325,0.335,0.2
03-20-2026 21:00,1774040400,0.033,0.0475,0.05,0.16,0.33,0.335,0.2
03-20-2026 22:00,1774044000,0.033,0.0475,0.05,0.16,0.335,0.335,0.2
03-20-2026 23:00,1774047600,0.033,0.0475,0.05,0.16,0.335,0.335,0.2
03-21-2026 00:00,1774051200,0.033,0.0475,0.05,0.16,0.335,0.335,0.2
03-21-2026 01:00,1774054800,0.033,0.0475,0.05,0.16,0.335,0.335,0.2
03-21-2026 02:00,1774058400,0.033,0.0475,0.05,0.16,0.335,0.335,0.2
03-21-2026 03:00,1774062000,0.033,0.0475,0.05,0.16,0.335,0.335,0.2
03-21-2026 04:00,1774065600,0.034,0.0475,0.05,0.16,0.335,0.335,0.2
03-21-2026 05:00,1774069200,0.034,0.0475,0.05,0.16,0.33,0.335,0.2
03-21-2026 06:00,1774072800,0.034,0.0475,0.05,0.16,0.325,0.33,0.195
03-21-2026 07:00,1774076400,0.034,0.0475,0.05,0.16,0.335,0.335,0.2
03-21-2026 08:00,1774080000,0.034,0.0475,0.05,0.16,0.335,0.335,0.2
03-21-2026 09:00,1774083600,0.034,0.0475,0.05,0.16,0.335,0.335,0.2
03-21-2026 10:00,1774087200,0.034,0.0475,0.05,0.16,0.33,0.335,0.2
03-21-2026 11:00,1774090800,0.034,0.0475,0.05,0.16,0.335,0.335,0.2
03-21-2026 12:00,1774094400,0.034,0.0475,0.05,0.16,0.335,0.335,0.2
03-21-2026 13:00,1774098000,0.034,0.0475,0.05,0.16,0.335,0.335,0.2
03-21-2026 14:00,1774101600,0.034,0.0475,0.05,0.16,0.335,0.335,0.2
03-21-2026 15:00,1774105200,0.034,0.0475,0.05,0.16,0.33,0.33,0.2
03-21-2026 16:00,1774108800,0.034,0.0475,0.05,0.16,0.33,0.335,0.2
03-21-2026 17:00,1774112400,0.034,0.0475,0.05,0.16,0.335,0.335,0.2
03-21-2026 18:00,1774116000,0.034,0.0475,0.05,0.16,0.33,0.335,0.195
03-21-2026 19:00,1774119600,0.034,0.0475,0.05,0.16,0.335,0.335,0.195
03-21-2026 20:00,1774123200,0.034,0.0475,0.055,0.16,0.335,0.335,0.195
03-21-2026 21:00,1774126800,0.034,0.0475,0.06,0.16,0.335,0.335,0.195
03-21-2026 22:00,1774130400,0.034,0.0475,0.055,0.16,0.335,0.335,0.195
03-21-2026 23:00,1774134000,0.035,0.0475,0.055,0.16,0.33,0.335,0.195
03-22-2026 00:00,1774137600,0.035,0.0475,0.055,0.16,0.335,0.335,0.195
03-22-2026 01:00,1774141200,0.035,0.0475,0.055,0.16,0.335,0.335,0.195
03-22-2026 02:00,1774144800,0.035,0.0475,0.055,0.16,0.335,0.335,0.195
03-22-2026 03:00,1774148400,0.035,0.0475,0.06,0.16,0.33,0.335,0.195
03-22-2026 04:00,1774152000,0.0265,0.0475,0.06,0.16,0.335,0.335,0.195
03-22-2026 05:00,1774155600,0.0265,0.0475,0.055,0.16,0.335,0.335,0.195
03-22-2026 06:00,1774159200,0.0265,0.0475,0.055,0.16,0.335,0.335,0.195
03-22-2026 07:00,1774162800,0.0265,0.0475,0.06,0.16,0.335,0.335,0.195
03-22-2026 08:00,1774166400,0.0265,0.0475,0.06,0.16,0.335,0.335,0.195
03-22-2026 09:00,1774170000,0.0265,0.0475,0.06,0.16,0.335,0.335,0.195
03-22-2026 10:00,1774173600,0.0265,0.0475,0.055,0.16,0.335,0.335,0.195
03-22-2026 11:00,1774177200,0.0265,0.0475,0.055,0.155,0.325,0.33,0.195
03-22-2026 12:00,1774180800,0.0265,0.0475,0.06,0.16,0.335,0.335,0.195
03-22-2026 13:00,1774184400,0.0265,0.0475,0.055,0.16,0.33,0.33,0.195
03-22-2026 14:00,1774188000,0.021,0.042,0.05,0.15,0.32,0.325,0.19
03-22-2026 15:00,1774191600,0.019,0.0475,0.06,0.16,0.32,0.335,0.195
03-22-2026 16:00,1774195200,0.0085,0.0475,0.055,0.16,0.335,0.335,0.195
03-22-2026 17:00,1774198800,0.0085,0.0475,0.055,0.16,0.335,0.335,0.195
03-22-2026 18:00,1774202400,0.0265,0.0475,0.06,0.155,0.335,0.335,0.185
03-22-2026 19:00,1774206000,0.0265,0.0475,0.06,0.155,0.335,0.335,0.185
03-22-2026 20:00,1774209600,0.0265,0.0475,0.055,0.155,0.33,0.335,0.185
03-22-2026 21:00,1774213200,0.0265,0.0475,0.055,0.155,0.335,0.335,0.185
03-22-2026 22:00,1774216800,0.0265,0.0475,0.055,0.155,0.335,0.335,0.185
03-22-2026 23:00,1774220400,0.0265,0.037,0.055,0.15,0.33,0.33,0.185
03-23-2026 00:00,1774224000,0.0265,0.037,0.055,0.15,0.33,0.33,0.185
03-23-2026 01:00,1774227600,0.0265,0.037,0.055,0.15,0.33,0.33,0.185
03-23-2026 02:00,1774231200,0.0265,0.037,0.055,0.155,0.335,0.335,0.185
03-23-2026 03:00,1774234800,0.0265,0.037,0.06,0.155,0.34,0.335,0.19
03-23-2026 04:00,1774238400,0.0265,0.037,0.06,0.155,0.345,0.335,0.19
03-23-2026 05:00,1774242000,0.0265,0.037,0.06,0.155,0.345,0.335,0.19
03-23-2026 06:00,1774245600,0.0265,0.037,0.06,0.155,0.345,0.335,0.19
03-23-2026 07:00,1774249200,0.0265,0.037,0.06,0.15,0.34,0.33,0.19
03-23-2026 08:00,1774252800,0.0265,0.037,0.06,0.155,0.34,0.335,0.19
03-23-2026 09:00,1774256400,0.0265,0.037,0.06,0.15,0.335,0.33,0.195
03-23-2026 10:00,1774260000,0.0265,0.037,0.06,0.155,0.34,0.335,0.195
03-23-2026 11:00,1774263600,0.0265,0.0355,0.055,0.15,0.34,0.335,0.185
03-23-2026 12:00,1774267200,0.0265,0.0355,0.055,0.15,0.33,0.335,0.185
03-23-2026 13:00,1774270800,0.0265,0.036,0.06,0.155,0.33,0.335,0.19
03-23-2026 14:00,1774274400,0.0265,0.037,0.06,0.155,0.335,0.335,0.195
03-23-2026 15:00,1774278000,0.0265,0.037,0.065,0.155,0.335,0.335,0.195
03-23-2026 16:00,1774281600,0.0265,0.037,0.07,0.155,0.335,0.335,0.195
03-23-2026 17:00,1774285200,0.0265,0.037,0.065,0.125,0.225,0.33,0.195
03-23-2026 18:00,1774288800,0.021,0.037,0.065,0.125,0.225,0.39,0.195
03-23-2026 19:00,1774292400,0.021,0.037,0.065,0.125,0.225,0.27,0.195
03-23-2026 20:00,1774296000,0.021,0.037,0.065,0.125,0.225,0.34,0.195
03-23-2026 21:00,1774299600,0.021,0.037,0.065,0.125,0.225,0.345,0.195
03-23-2026 22:00,1774303200,0.021,0.037,0.07,0.12,0.325,0.345,0.195
03-23-2026 23:00,1774306800,0.021,0.037,0.07,0.125,0.225,0.27,0.195
03-24-2026 00:00,1774310400,0.021,0.037,0.07,0.125,0.225,0.33,0.19
03-24-2026 01:00,1774314000,0.021,0.037,0.07,0.12,0.325,0.33,0.19
03-24-2026 02:00,1774317600,0.021,0.037,0.07,0.12,0.33,0.325,0.19
03-24-2026 03:00,1774321200,0.021,0.037,0.07,0.125,0.225,0.275,0.19
03-24-2026 04:00,1774324800,0.021,0.037,0.07,0.125,0.325,0.325,0.19
03-24-2026 05:00,1774328400,0.021,0.037,0.07,0.14,0.225,0.285,0.19
03-24-2026 06:00,1774332000,0.021,0.037,0.07,0.105,0.325,0.325,0.19
03-24-2026 07:00,1774335600,0.021,0.037,0.07,0.105,0.305,0.325,0.19
03-24-2026 08:00,1774339200,0.021,0.037,0.07,0.105,0.245,0.35,0.19
03-24-2026 09:00,1774342800,0.021,0.037,0.07,0.105,0.245,0.335,0.19
03-24-2026 10:00,1774346400,0.021,0.037,0.07,0.105,0.23,0.35,0.19
03-24-2026 11:00,1774350000,0.021,0.037,0.07,0.105,0.23,0.335,0.19
03-24-2026 12:00,1774353600,0.0205,0.037,0.07,0.105,0.23,0.33,0.19
03-24-2026 13:00,1774357200,0.0205,0.037,0.07,0.105,0.22,0.28,0.19
03-24-2026 14:00,1774360800,0.0205,0.037,0.07,0.1,0.23,0.33,0.195
03-24-2026 15:00,1774364400,0.0205,0.037,0.07,0.1,0.23,0.33,0.195
03-24-2026 16:00,1774368000,0.024,0.038,0.06,0.1,0.225,0.285,0.18
03-24-2026 17:00,1774371600,0.023,0.038,0.065,0.125,0.22,0.28,0.175
03-24-2026 18:00,1774375200,0.023,0.039,0.065,0.13,0.23,0.335,0.175
03-24-2026 19:00,1774378800,0.023,0.039,0.065,0.13,0.23,0.35,0.175
03-24-2026 20:00,1774382400,0.022,0.038,0.06,0.13,0.23,0.355,0.185
03-24-2026 21:00,1774386000,0.022,0.038,0.06,0.125,0.22,0.35,0.185
03-24-2026 22:00,1774389600,0.022,0.038,0.06,0.125,0.22,0.33,0.185
03-24-2026 23:00,1774393200,0.022,0.038,0.06,0.125,0.22,0.275,0.17
03-25-2026 00:00,1774396800,0.022,0.036,0.06,0.125,0.225,0.285,0.17
03-25-2026 01:00,1774400400,0.022,0.036,0.06,0.13,0.235,0.275,0.17
03-25-2026 02:00,1774404000,0.022,0.036,0.06,0.125,0.225,0.275,0.17
03-25-2026 03:00,1774407600,0.022,0.036,0.06,0.125,0.22,0.275,0.17
03-25-2026 04:00,1774411200,0.022,0.036,0.06,0.13,0.235,0.275,0.17
03-25-2026 05:00,1774414800,0.022,0.036,0.06,0.125,0.225,0.275,0.17
03-25-2026 06:00,1774418400,0.022,0.036,0.06,0.125,0.225,0.275,0.17
03-25-2026 07:00,1774422000,0.022,0.036,0.06,0.13,0.235,0.275,0.17
03-25-2026 08:00,1774425600,0.022,0.036,0.06,0.13,0.235,0.29,0.17
03-25-2026 09:00,1774429200,0.022,0.036,0.06,0.13,0.235,0.28,0.17
03-25-2026 10:00,1774432800,0.022,0.036,0.06,0.13,0.235,0.29,0.17
03-25-2026 11:00,1774436400,0.022,0.036,0.06,0.13,0.235,0.285,0.17
03-25-2026 12:00,1774440000,0.022,0.036,0.06,0.13,0.235,0.285,0.17
03-25-2026 13:00,1774443600,0.022,0.036,0.06,0.13,0.235,0.295,0.17
03-25-2026 14:00,1774447200,0.022,0.036,0.06,0.125,0.225,0.275,0.17
03-25-2026 15:00,1774450800,0.022,0.036,0.06,0.13,0.235,0.28,0.17
03-25-2026 16:00,1774454400,0.022,0.036,0.06,0.125,0.22,0.275,0.17
03-25-2026 17:00,1774458000,0.0245,0.036,0.06,0.12,0.22,0.275,0.17
03-25-2026 18:00,1774461600,0.025,0.036,0.06,0.12,0.235,0.285,0.17
03-25-2026 19:00,1774465200,0.022,0.036,0.06,0.12,0.235,0.29,0.17
03-25-2026 20:00,1774468800,0.022,0.036,0.06,0.12,0.22,0.275,0.17
03-25-2026 21:00,1774472400,0.022,0.036,0.06,0.12,0.225,0.275,0.17
03-25-2026 22:00,1774476000,0.022,0.036,0.06,0.12,0.235,0.295,0.17
03-25-2026 23:00,1774479600,0.022,0.036,0.06,0.12,0.225,0.275,0.17
03-26-2026 00:00,1774483200,0.025,0.036,0.06,0.12,0.235,0.3,0.17
03-26-2026 01:00,1774486800,0.024,0.036,0.06,0.12,0.22,0.275,0.17
03-26-2026 02:00,1774490400,0.022,0.036,0.06,0.12,0.225,0.275,0.17
03-26-2026 03:00,1774494000,0.022,0.036,0.06,0.12,0.22,0.275,0.17
03-26-2026 04:00,1774497600,0.022,0.036,0.06,0.12,0.235,0.295,0.17
03-26-2026 05:00,1774501200,0.022,0.036,0.06,0.12,0.22,0.275,0.17
03-26-2026 06:00,1774504800,0.022,0.036,0.06,0.12,0.235,0.3,0.17
03-26-2026 07:00,1774508400,0.022,0.036,0.06,0.12,0.235,0.3,0.17
03-26-2026 08:00,1774512000,0.022,0.036,0.06,0.12,0.235,0.29,0.17
03-26-2026 09:00,1774515600,0.022,0.036,0.06,0.12,0.235,0.285,0.17
03-26-2026 10:00,1774519200,0.022,0.036,0.06,0.12,0.25,0.295,0.17
03-26-2026 11:00,1774522800,0.023,0.036,0.06,0.105,0.25,0.29,0.165
03-26-2026 12:00,1774526400,0.025,0.036,0.06,0.105,0.24,0.28,0.165
03-26-2026 13:00,1774530000,0.025,0.036,0.06,0.105,0.24,0.29,0.165
03-26-2026 14:00,1774533600,0.025,0.036,0.06,0.105,0.24,0.275,0.165
03-26-2026 15:00,1774537200,0.025,0.036,0.06,0.11,0.23,0.28,0.17
03-26-2026 16:00,1774540800,0.025,0.036,0.06,0.105,0.235,0.295,0.17
03-26-2026 17:00,1774544400,0.025,0.036,0.06,0.105,0.235,0.315,0.17
03-26-2026 18:00,1774548000,0.025,0.036,0.06,0.105,0.235,0.305,0.17
03-26-2026 19:00,1774551600,0.025,0.036,0.06,0.11,0.225,0.285,0.17
03-26-2026 20:00,1774555200,0.026,0.036,0.06,0.115,0.23,0.285,0.17
03-26-2026 21:00,1774558800,0.026,0.036,0.06,0.115,0.24,0.305,0.17
03-26-2026 22:00,1774562400,0.026,0.036,0.06,0.11,0.23,0.28,0.17
03-26-2026 23:00,1774566000,0.026,0.036,0.06,0.105,0.24,0.28,0.17
03-27-2026 00:00,1774569600,0.026,0.036,0.06,0.105,0.24,0.28,0.17
03-27-2026 01:00,1774573200,0.026,0.036,0.06,0.105,0.24,0.28,0.17
03-27-2026 02:00,1774576800,0.0255,0.036,0.06,0.115,0.23,0.275,0.17
03-27-2026 03:00,1774580400,0.0265,0.0355,0.06,0.105,0.24,0.28,0.17
03-27-2026 04:00,1774584000,0.027,0.036,0.06,0.105,0.24,0.28,0.17
03-27-2026 05:00,1774587600,0.027,0.036,0.06,0.11,0.23,0.275,0.19
03-27-2026 06:00,1774591200,0.027,0.036,0.065,0.105,0.225,0.28,0.19
03-27-2026 07:00,1774594800,0.023,0.036,0.065,0.115,0.22,0.275,0.185
03-27-2026 08:00,1774598400,0.0225,0.0355,0.065,0.115,0.225,0.28,0.185
03-27-2026 09:00,1774602000,0.0225,0.0355,0.065,0.105,0.235,0.285,0.185
03-27-2026 10:00,1774605600,0.026,0.0355,0.065,0.105,0.235,0.285,0.185
03-27-2026 11:00,1774609200,0.026,0.036,0.065,0.105,0.235,0.285,0.185
03-27-2026 12:00,1774612800,0.026,0.036,0.065,0.105,0.235,0.285,0.185
03-27-2026 13:00,1774616400,0.0255,0.036,0.065,0.11,0.235,0.28,0.185
03-27-2026 14:00,1774620000,0.026,0.036,0.065,0.105,0.215,0.285,0.185
03-27-2026 15:00,1774623600,0.026,0.036,0.06,0.115,0.22,0.28,0.185
03-27-2026 16:00,1774627200,0.026,0.036,0.065,0.105,0.215,0.285,0.185
03-27-2026 17:00,1774630800,0.0275,0.036,0.065,0.11,0.215,0.28,0.195
03-27-2026 18:00,1774634400,0.0355,0.036,0.065,0.085,0.215,0.28,0.2
03-27-2026 19:00,1774638000,0.036,0.036,0.06,0.085,0.22,0.28,0.19
03-27-2026 20:00,1774641600,0.036,0.036,0.065,0.1,0.22,0.285,0.2
03-27-2026 21:00,1774645200,0.0355,0.036,0.06,0.085,0.215,0.28,0.205
03-27-2026 22:00,1774648800,0.0355,0.036,0.065,0.095,0.23,0.285,0.205
03-27-2026 23:00,1774652400,0.0355,0.036,0.065,0.105,0.23,0.285,0.205
03-28-2026 00:00,1774656000,0.0355,0.036,0.065,0.105,0.23,0.285,0.19
03-28-2026 01:00,1774659600,0.0355,0.036,0.065,0.105,0.23,0.285,0.19
03-28-2026 02:00,1774663200,0.0355,0.036,0.065,0.105,0.23,0.285,0.19
03-28-2026 03:00,1774666800,0.0355,0.036,0.065,0.105,0.22,0.28,0.19
03-28-2026 04:00,1774670400,0.036,0.036,0.065,0.105,0.23,0.285,0.19
03-28-2026 05:00,1774674000,0.036,0.036,0.065,0.165,0.23,0.285,0.19
03-28-2026 06:00,1774677600,0.0775,0.0365,0.065,0.135,0.215,0.285,0.19
03-28-2026 07:00,1774681200,0.0775,0.0365,0.065,0.135,0.215,0.285,0.19
03-28-2026 08:00,1774684800,0.0775,0.0365,0.065,0.16,0.215,0.285,0.19
03-28-2026 09:00,1774688400,0.0775,0.0365,0.065,0.165,0.215,0.285,0.19
03-28-2026 10:00,1774692000,0.0775,0.0365,0.07,0.165,0.215,0.285,0.19
03-28-2026 11:00,1774695600,0.0775,0.0365,0.08,0.165,0.215,0.285,0.19
03-28-2026 12:00,1774699200,0.0775,0.0365,0.065,0.135,0.215,0.285,0.19
03-28-2026 13:00,1774702800,0.073,0.0365,0.065,0.14,0.21,0.28,0.19
03-28-2026 14:00,1774706400,0.09,0.0365,0.065,0.125,0.215,0.285,0.215
03-28-2026 15:00,1774710000,0.072,0.0365,0.065,0.14,0.21,0.28,0.21
03-28-2026 16:00,1774713600,0.083,0.0365,0.07,0.125,0.21,0.285,0.21
03-28-2026 17:00,1774717200,0.083,0.0365,0.07,0.125,0.21,0.285,0.21
03-28-2026 18:00,1774720800,0.083,0.0475,0.07,0.125,0.215,0.285,0.21
03-28-2026 19:00,1774724400,0.083,0.047,0.07,0.125,0.215,0.285,0.21
03-28-2026 20:00,1774728000,0.072,0.043,0.065,0.14,0.21,0.28,0.21
03-28-2026 21:00,1774731600,0.09,0.0475,0.07,0.125,0.215,0.285,0.21
03-28-2026 22:00,1774735200,0.09,0.047,0.065,0.125,0.215,0.285,0.21
03-28-2026 23:00,1774738800,0.0995,0.0575,0.075,0.155,0.21,0.285,0.195
03-29-2026 00:00,1774742400,0.0995,0.0575,0.075,0.155,0.215,0.285,0.195
03-29-2026 01:00,1774746000,0.099,0.0575,0.075,0.155,0.215,0.285,0.205
03-29-2026 02:00,1774749600,0.0985,0.0575,0.075,0.155,0.215,0.285,0.205
03-29-2026 03:00,1774753200,0.0975,0.0575,0.075,0.155,0.215,0.285,0.205
03-29-2026 04:00,1774756800,0.0975,0.056,0.075,0.155,0.215,0.27,0.205
03-29-2026 05:00,1774760400,0.1,0.056,0.075,0.155,0.215,0.275,0.225
03-29-2026 06:00,1774764000,0.099,0.056,0.075,0.155,0.215,0.275,0.225
03-29-2026 07:00,1774767600,0.099,0.056,0.075,0.155,0.215,0.27,0.225
03-29-2026 08:00,1774771200,0.099,0.056,0.075,0.155,0.215,0.275,0.225
03-29-2026 09:00,1774774800,0.099,0.056,0.075,0.155,0.215,0.275,0.22
03-29-2026 10:00,1774778400,0.099,0.056,0.075,0.155,0.23,0.27,0.22
03-29-2026 11:00,1774782000,0.099,0.056,0.075,0.155,0.23,0.27,0.22
03-29-2026 12:00,1774785600,0.0995,0.056,0.075,0.155,0.23,0.275,0.22
03-29-2026 13:00,1774789200,0.099,0.056,0.075,0.155,0.215,0.275,0.22
03-29-2026 14:00,1774792800,0.099,0.056,0.085,0.155,0.21,0.275,0.22
03-29-2026 15:00,1774796400,0.099,0.056,0.085,0.155,0.21,0.27,0.22
03-29-2026 16:00,1774800000,0.073,0.0515,0.085,0.135,0.21,0.27,0.215
03-29-2026 17:00,1774803600,0.055,0.0515,0.085,0.13,0.21,0.27,0.22
03-29-2026 18:00,1774807200,0.061,0.056,0.085,0.12,0.205,0.27,0.225
03-29-2026 19:00,1774810800,0.0595,0.056,0.07,0.12,0.215,0.275,0.225
03-29-2026 20:00,1774814400,0.0595,0.056,0.07,0.12,0.215,0.27,0.215
03-29-2026 21:00,1774818000,0.066,0.056,0.07,0.11,0.21,0.255,0.215
03-29-2026 22:00,1774821600,0.0485,0.056,0.07,0.11,0.21,0.255,0.215
03-29-2026 23:00,1774825200,0.0385,0.056,0.07,0.11,0.215,0.27,0.215
03-30-2026 00:00,1774828800,0.0385,0.056,0.07,0.11,0.21,0.255,0.215
03-30-2026 01:00,1774832400,0.0385,0.056,0.07,0.12,0.215,0.275,0.225
03-30-2026 02:00,1774836000,0.0385,0.056,0.07,0.11,0.205,0.255,0.225
03-30-2026 03:00,1774839600,0.0345,0.056,0.07,0.11,0.21,0.255,0.225
03-30-2026 04:00,1774843200,0.031,0.056,0.07,0.12,0.215,0.275,0.195
03-30-2026 05:00,1774846800,0.0345,0.056,0.07,0.11,0.21,0.255,0.225
03-30-2026 06:00,1774850400,0.031,0.056,0.07,0.12,0.21,0.27,0.225
03-30-2026 07:00,1774854000,0.031,0.056,0.07,0.12,0.215,0.275,0.225
03-30-2026 08:00,1774857600,0.031,0.056,0.07,0.12,0.215,0.275,0.215
03-30-2026 09:00,1774861200,0.031,0.056,0.07,0.12,0.215,0.275,0.215
03-30-2026 10:00,1774864800,0.031,0.056,0.065,0.12,0.215,0.275,0.215
03-30-2026 11:00,1774868400,0.031,0.056,0.065,0.12,0.215,0.275,0.245
03-30-2026 12:00,1774872000,0.031,0.056,0.065,0.12,0.215,0.275,0.245
03-30-2026 13:00,1774875600,0.031,0.056,0.065,0.12,0.215,0.27,0.245
03-30-2026 14:00,1774879200,0.031,0.056,0.065,0.12,0.215,0.275,0.245
03-30-2026 15:00,1774882800,0.0345,0.056,0.065,0.11,0.21,0.255,0.245
03-30-2026 16:00,1774886400,0.0315,0.056,0.07,0.12,0.215,0.275,0.245
03-30-2026 17:00,1774890000,0.0345,0.056,0.07,0.11,0.21,0.255,0.245
03-30-2026 18:00,1774893600,0.031,0.034,0.07,0.11,0.21,0.255,0.245
03-30-2026 19:00,1774897200,0.0345,0.034,0.07,0.11,0.21,0.24,0.34
03-30-2026 20:00,1774900800,0.0345,0.027,0.07,0.1,0.21,0.235,0.34
03-30-2026 21:00,1774904400,0.0315,0.027,0.07,0.11,0.21,0.245,0.345
03-30-2026 22:00,1774908000,0.031,0.032,0.07,0.12,0.215,0.245,0.37
03-30-2026 23:00,1774911600,0.0345,0.0265,0.07,0.12,0.215,0.245,0.375
03-31-2026 00:00,1774915200,0.031,0.032,0.07,0.12,0.215,0.25,0.375
03-31-2026 01:00,1774918800,0.0295,0.0335,0.07,0.12,0.215,0.24,0.305
03-31-2026 02:00,1774922400,0.0295,0.032,0.07,0.12,0.215,0.24,0.305
03-31-2026 03:00,1774926000,0.0295,0.032,0.07,0.12,0.215,0.26,0.305
03-31-2026 04:00,1774929600,0.0295,0.032,0.07,0.12,0.215,0.24,0.365
03-31-2026 05:00,1774933200,0.0295,0.032,0.07,0.12,0.215,0.24,0.275
03-31-2026 06:00,1774936800,0.0295,0.032,0.07,0.12,0.215,0.24,0.325
03-31-2026 07:00,1774940400,0.0295,0.032,0.07,0.12,0.215,0.24,0.315
03-31-2026 08:00,1774944000,0.0295,0.032,0.07,0.12,0.215,0.255,0.305
03-31-2026 09:00,1774947600,0.0295,0.032,0.07,0.12,0.215,0.255,0.305
03-31-2026 10:00,1774951200,0.0295,0.032,0.07,0.12,0.215,0.255,0.305
03-31-2026 11:00,1774954800,0.0295,0.032,0.07,0.12,0.215,0.245,0.305
03-31-2026 12:00,1774958400,0.0295,0.032,0.07,0.12,0.215,0.245,0.305
03-31-2026 13:00,1774962000,0.0295,0.032,0.07,0.12,0.23,0.245,0.325
03-31-2026 14:00,1774965600,0.0295,0.032,0.07,0.12,0.23,0.245,0.28
03-31-2026 15:00,1774969200,0.0295,0.032,0.07,0.12,0.23,0.205,0.325
03-31-2026 16:00,1774972800,0.0325,0.0265,0.07,0.105,0.225,0.215,0.32
03-31-2026 17:00,1774976400,0.0325,0.0265,0.07,0.105,0.23,0.215,0.27
03-31-2026 18:00,1774980000,0.0295,0.0335,0.07,0.1,0.23,0.215,0.27
03-31-2026 20:00,1774987200,0.0295,0.0335,0.07,0.1,0.23,0.23,0.27
03-31-2026 21:00,1774990800,0.0295,0.0265,0.07,0.1,0.21,0.23,0.28
03-31-2026 22:00,1774994400,0.0295,0.0265,0.07,0.1,0.21,0.23,0.28
03-31-2026 23:00,1774998000,0.0295,0.0265,0.07,0.105,0.235,0.23,0.28
04-01-2026 00:00,1775001600,0.0295,0.0265,0.07,0.115,0.235,0.23,0.28
04-01-2026 01:00,1775005200,0.0295,0.0395,0.0345,0.12,0.22,0.23,0.295
04-01-2026 02:00,1775008800,0.0295,0.0395,0.0345,0.12,0.22,0.23,0.295
04-01-2026 03:00,1775012400,0.0295,0.039,0.0345,0.12,0.22,0.225,0.305
04-01-2026 04:00,1775016000,0.0295,0.039,0.0345,0.12,0.22,0.225,0.305
04-01-2026 05:00,1775019600,0.0295,0.039,0.017,0.115,0.22,0.225,0.305
04-01-2026 06:00,1775023200,0.0295,0.039,0.017,0.12,0.22,0.225,0.305
04-01-2026 07:00,1775026800,0.0295,0.039,0.017,0.115,0.22,0.225,0.295
04-01-2026 08:00,1775030400,0.0295,0.039,0.017,0.12,0.22,0.23,0.275
04-01-2026 09:00,1775034000,0.0295,0.039,0.017,0.12,0.22,0.23,0.275
04-01-2026 10:00,1775037600,0.0295,0.039,0.017,0.12,0.22,0.23,0.275
04-01-2026 11:00,1775041200,0.0295,0.039,0.017,0.12,0.26,0.23,0.275
04-01-2026 12:00,1775044800,0.0295,0.039,0.017,0.075,0.26,0.23,0.275
04-01-2026 13:00,1775048400,0.0295,0.039,0.0165,0.105,0.26,0.305,0.345
04-01-2026 14:00,1775052000,0.0295,0.039,0.016,0.105,0.26,0.315,0.34
04-01-2026 15:00,1775055600,0.0325,0.0305,0.016,0.1,0.225,0.245,0.295
04-01-2026 16:00,1775059200,0.03,0.033,0.016,0.09,0.23,0.315,0.31
04-01-2026 17:00,1775062800,0.0295,0.0355,0.016,0.09,0.23,0.315,0.31
04-01-2026 18:00,1775066400,0.0295,0.0355,0.0155,0.085,0.23,0.325,0.31
04-01-2026 19:00,1775070000,0.0295,0.036,0.0155,0.085,0.245,0.335,0.305
04-01-2026 20:00,1775073600,0.0325,0.0305,0.0155,0.085,0.22,0.25,0.285
04-01-2026 21:00,1775077200,0.0325,0.0305,0.015,0.085,0.22,0.25,0.31
04-01-2026 22:00,1775080800,0.0065,0.03,0.015,0.085,0.22,0.335,0.31
04-01-2026 23:00,1775084400,0.0065,0.031,0.015,0.085,0.245,0.325,0.315
04-02-2026 00:00,1775088000,0.0065,0.0315,0.015,0.085,0.245,0.34,0.305
04-02-2026 01:00,1775091600,0.005,0.0315,0.015,0.075,0.245,0.34,0.305
04-02-2026 02:00,1775095200,0.005,0.032,0.0225,0.075,0.245,0.325,0.31
04-02-2026 03:00,1775098800,0.005,0.032,0.0225,0.075,0.245,0.355,0.31
04-02-2026 04:00,1775102400,0.005,0.039,0.033,0.09,0.215,0.335,0.32
04-02-2026 05:00,1775106000,0.0055,0.039,0.0325,0.09,0.215,0.34,0.32
04-02-2026 06:00,1775109600,0.006,0.039,0.0325,0.09,0.215,0.33,0.32
04-02-2026 07:00,1775113200,0.0065,0.039,0.033,0.09,0.215,0.34,0.29
04-02-2026 08:00,1775116800,0.0065,0.039,0.033,0.09,0.215,0.34,0.29
04-02-2026 09:00,1775120400,0.0065,0.039,0.033,0.09,0.215,0.34,0.28
04-02-2026 10:00,1775124000,0.006,0.039,0.033,0.09,0.215,0.35,0.28
04-02-2026 11:00,1775127600,0.006,0.039,0.033,0.09,0.215,0.37,0.28
04-02-2026 12:00,1775131200,0.006,0.039,0.033,0.09,0.215,0.37,0.28
04-02-2026 13:00,1775134800,0.0125,0.039,0.033,0.09,0.215,0.25,0.28
04-02-2026 14:00,1775138400,0.009,0.03,0.033,0.09,0.185,0.35,0.28
04-02-2026 15:00,1775142000,0.009,0.03,0.0315,0.09,0.185,0.35,0.28
04-02-2026 16:00,1775145600,0.009,0.03,0.0325,0.09,0.185,0.35,0.28
04-02-2026 17:00,1775149200,0.0075,0.039,0.0315,0.1,0.215,0.345,0.28
04-02-2026 18:00,1775152800,0.011,0.0205,0.0225,0.1,0.215,0.25,0.335
04-02-2026 19:00,1775156400,0.007,0.039,0.013,0.095,0.215,0.335,0.36
04-02-2026 20:00,1775160000,0.0105,0.0305,0.015,0.09,0.215,0.25,0.33
04-02-2026 21:00,1775163600,0.0065,0.0305,0.015,0.09,0.195,0.245,0.33
04-02-2026 22:00,1775167200,0.0065,0.039,0.011,0.075,0.195,0.25,0.4
04-02-2026 23:00,1775170800,0.007,0.039,0.009,0.075,0.195,0.25,0.395
04-03-2026 00:00,1775174400,0.007,0.039,0.009,0.075,0.195,0.25,0.395
04-03-2026 01:00,1775178000,0.0065,0.039,0.0105,0.075,0.195,0.25,0.395
04-03-2026 02:00,1775181600,0.0065,0.039,0.0105,0.075,0.195,0.25,0.39
04-03-2026 03:00,1775185200,0.0065,0.039,0.0105,0.075,0.195,0.25,0.39
04-03-2026 04:00,1775188800,0.0065,0.039,0.0105,0.13,0.195,0.255,0.365
04-03-2026 05:00,1775192400,0.0065,0.039,0.0105,0.13,0.195,0.255,0.365
04-03-2026 07:00,1775199600,0.0075,0.034,0.011,0.125,0.215,0.365,0.35
04-03-2026 08:00,1775203200,0.0075,0.034,0.011,0.125,0.215,0.405,0.35
04-03-2026 09:00,1775206800,0.0075,0.034,0.011,0.125,0.215,0.41,0.35
04-03-2026 10:00,1775210400,0.0075,0.034,0.011,0.125,0.215,0.43,0.325
04-03-2026 11:00,1775214000,0.0145,0.035,0.041,0.125,0.26,0.355,0.325
04-03-2026 12:00,1775217600,0.0135,0.0355,0.041,0.175,0.26,0.42,0.37
04-03-2026 13:00,1775221200,0.0005,0.0005,0.041,0.0005,0.0005,0.0005,0.9995
04-03-2026 14:00,1775224800,0.0005,0.0005,0.041,0.0005,0.0005,0.0005,0.9995
