Date (UTC),Timestamp (UTC),≤3.9%,4.0%,4.1%,4.2%,4.3%,4.4%,4.5%,4.6%,≥4.7%
02-13-2026 23:00,1771023600,0.175,0.205,0.445,0.44,0.415,0.405,0.405,0.405,0.26
02-14-2026 00:00,1771027200,0.185,0.215,0.405,0.405,0.405,0.395,0.395,0.405,0.26
02-14-2026 01:00,1771030800,0.19,0.215,0.285,0.3,0.32,0.28,0.28,0.3,0.265
02-14-2026 02:00,1771034400,0.145,0.195,0.265,0.245,0.255,0.24,0.245,0.255,0.275
02-14-2026 03:00,1771038000,0.14,0.175,0.25,0.27,0.27,0.27,0.27,0.26,0.25
02-14-2026 04:00,1771041600,0.14,0.185,0.26,0.275,0.275,0.305,0.275,0.265,0.255
02-14-2026 05:00,1771045200,0.14,0.18,0.255,0.27,0.27,0.28,0.28,0.26,0.25
02-14-2026 06:00,1771048800,0.13,0.18,0.255,0.27,0.27,0.285,0.285,0.26,0.25
02-14-2026 07:00,1771052400,0.13,0.18,0.255,0.27,0.27,0.23,0.275,0.26,0.25
02-14-2026 08:00,1771056000,0.13,0.18,0.255,0.27,0.27,0.265,0.27,0.26,0.245
02-14-2026 09:00,1771059600,0.13,0.185,0.26,0.265,0.265,0.27,0.27,0.26,0.245
02-14-2026 10:00,1771063200,0.125,0.175,0.245,0.265,0.26,0.26,0.265,0.26,0.24
02-14-2026 11:00,1771066800,0.125,0.175,0.25,0.265,0.265,0.26,0.265,0.255,0.245
02-14-2026 12:00,1771070400,0.125,0.175,0.24,0.265,0.26,0.26,0.265,0.26,0.235
02-14-2026 13:00,1771074000,0.125,0.175,0.25,0.265,0.26,0.26,0.265,0.26,0.24
02-14-2026 14:00,1771077600,0.125,0.17,0.255,0.265,0.26,0.24,0.24,0.255,0.22
02-14-2026 15:00,1771081200,0.125,0.165,0.25,0.26,0.255,0.24,0.24,0.255,0.215
02-14-2026 16:00,1771084800,0.125,0.17,0.255,0.265,0.26,0.24,0.24,0.255,0.22
02-14-2026 17:00,1771088400,0.125,0.17,0.255,0.265,0.26,0.24,0.24,0.255,0.22
02-14-2026 18:00,1771092000,0.12,0.17,0.255,0.265,0.26,0.24,0.24,0.255,0.22
02-14-2026 19:00,1771095600,0.125,0.17,0.255,0.265,0.26,0.24,0.24,0.255,0.22
02-14-2026 21:00,1771102800,0.125,0.17,0.255,0.265,0.26,0.245,0.24,0.255,0.22
02-14-2026 22:00,1771106400,0.11,0.17,0.255,0.265,0.26,0.245,0.22,0.255,0.215
02-14-2026 23:00,1771110000,0.105,0.17,0.245,0.26,0.25,0.235,0.225,0.24,0.205
02-15-2026 00:00,1771113600,0.1,0.17,0.255,0.265,0.24,0.235,0.155,0.23,0.19
02-15-2026 01:00,1771117200,0.1,0.175,0.2,0.265,0.255,0.24,0.24,0.25,0.21
02-15-2026 02:00,1771120800,0.1,0.165,0.23,0.265,0.24,0.23,0.17,0.225,0.195
02-15-2026 03:00,1771124400,0.1,0.15,0.24,0.235,0.235,0.245,0.235,0.225,0.185
02-15-2026 04:00,1771128000,0.095,0.175,0.245,0.25,0.26,0.245,0.22,0.24,0.21
02-15-2026 05:00,1771131600,0.075,0.16,0.225,0.245,0.26,0.23,0.235,0.235,0.205
02-15-2026 06:00,1771135200,0.08,0.16,0.19,0.255,0.235,0.245,0.215,0.235,0.21
02-15-2026 07:00,1771138800,0.075,0.16,0.23,0.265,0.26,0.245,0.235,0.25,0.215
02-15-2026 08:00,1771142400,0.075,0.135,0.21,0.26,0.255,0.235,0.21,0.245,0.21
02-15-2026 09:00,1771146000,0.08,0.16,0.225,0.265,0.235,0.23,0.235,0.24,0.21
02-15-2026 10:00,1771149600,0.08,0.15,0.16,0.265,0.25,0.23,0.23,0.24,0.21
02-15-2026 11:00,1771153200,0.08,0.15,0.22,0.26,0.255,0.23,0.205,0.235,0.21
02-15-2026 12:00,1771156800,0.08,0.155,0.22,0.26,0.255,0.23,0.205,0.235,0.21
02-15-2026 13:00,1771160400,0.075,0.13,0.2,0.26,0.255,0.24,0.135,0.24,0.2
02-15-2026 14:00,1771164000,0.08,0.145,0.22,0.255,0.245,0.23,0.225,0.24,0.2
02-15-2026 15:00,1771167600,0.08,0.15,0.215,0.235,0.29,0.2,0.225,0.225,0.19
02-15-2026 16:00,1771171200,0.09,0.185,0.225,0.215,0.275,0.18,0.195,0.185,0.18
02-15-2026 17:00,1771174800,0.06,0.085,0.115,0.22,0.175,0.16,0.195,0.145,0.135
02-15-2026 18:00,1771178400,0.075,0.085,0.115,0.18,0.195,0.15,0.175,0.135,0.14
02-15-2026 19:00,1771182000,0.085,0.085,0.105,0.18,0.195,0.2,0.185,0.13,0.14
02-15-2026 20:00,1771185600,0.08,0.085,0.105,0.18,0.195,0.21,0.205,0.12,0.145
02-15-2026 21:00,1771189200,0.075,0.085,0.105,0.175,0.19,0.195,0.24,0.11,0.085
02-15-2026 22:00,1771192800,0.075,0.085,0.105,0.175,0.19,0.195,0.22,0.08,0.105
02-15-2026 23:00,1771196400,0.075,0.085,0.105,0.18,0.19,0.195,0.22,0.08,0.085
02-16-2026 00:00,1771200000,0.075,0.085,0.105,0.17,0.19,0.195,0.22,0.075,0.085
02-16-2026 01:00,1771203600,0.075,0.085,0.115,0.175,0.19,0.19,0.22,0.085,0.1
02-16-2026 02:00,1771207200,0.05,0.085,0.105,0.17,0.185,0.185,0.22,0.08,0.095
02-16-2026 03:00,1771210800,0.05,0.085,0.085,0.155,0.175,0.155,0.21,0.075,0.12
02-16-2026 04:00,1771214400,0.075,0.085,0.085,0.165,0.185,0.175,0.175,0.045,0.23
02-16-2026 05:00,1771218000,0.075,0.085,0.085,0.175,0.2,0.095,0.145,0.045,0.205
02-16-2026 06:00,1771221600,0.055,0.085,0.085,0.16,0.195,0.105,0.165,0.045,0.145
02-16-2026 07:00,1771225200,0.065,0.085,0.1,0.145,0.175,0.12,0.175,0.075,0.18
02-16-2026 08:00,1771228800,0.055,0.085,0.095,0.155,0.18,0.1,0.15,0.06,0.205
02-16-2026 09:00,1771232400,0.07,0.085,0.095,0.17,0.2,0.115,0.15,0.06,0.245
02-16-2026 10:00,1771236000,0.07,0.1,0.11,0.16,0.155,0.105,0.18,0.155,0.25
02-16-2026 11:00,1771239600,0.075,0.085,0.15,0.115,0.15,0.09,0.17,0.165,0.25
02-16-2026 12:00,1771243200,0.06,0.105,0.15,0.115,0.18,0.08,0.17,0.175,0.25
02-16-2026 13:00,1771246800,0.055,0.105,0.09,0.125,0.1,0.09,0.13,0.18,0.245
02-16-2026 14:00,1771250400,0.055,0.105,0.085,0.125,0.13,0.115,0.13,0.175,0.245
02-16-2026 15:00,1771254000,0.055,0.09,0.085,0.15,0.095,0.09,0.13,0.175,0.23
02-16-2026 16:00,1771257600,0.065,0.08,0.085,0.155,0.115,0.1,0.13,0.16,0.26
02-16-2026 17:00,1771261200,0.065,0.09,0.135,0.13,0.13,0.12,0.14,0.175,0.205
02-16-2026 18:00,1771264800,0.07,0.09,0.155,0.13,0.11,0.1,0.135,0.175,0.195
02-16-2026 19:00,1771268400,0.07,0.095,0.165,0.13,0.125,0.115,0.13,0.165,0.185
02-16-2026 20:00,1771272000,0.07,0.095,0.165,0.13,0.11,0.105,0.14,0.16,0.245
02-16-2026 21:00,1771275600,0.065,0.085,0.155,0.16,0.155,0.15,0.155,0.15,0.15
02-16-2026 22:00,1771279200,0.065,0.09,0.15,0.17,0.155,0.2,0.155,0.1,0.13
02-16-2026 23:00,1771282800,0.065,0.1,0.155,0.165,0.16,0.19,0.165,0.1,0.13
02-17-2026 00:00,1771286400,0.065,0.095,0.15,0.17,0.16,0.19,0.16,0.125,0.105
02-17-2026 01:00,1771290000,0.065,0.1,0.155,0.17,0.16,0.205,0.16,0.1,0.13
02-17-2026 02:00,1771293600,0.065,0.1,0.155,0.16,0.16,0.2,0.16,0.115,0.13
02-17-2026 03:00,1771297200,0.065,0.1,0.155,0.145,0.16,0.205,0.16,0.115,0.125
02-17-2026 04:00,1771300800,0.065,0.1,0.14,0.16,0.16,0.205,0.16,0.11,0.13
02-17-2026 05:00,1771304400,0.065,0.1,0.14,0.175,0.16,0.21,0.16,0.12,0.13
02-17-2026 06:00,1771308000,0.065,0.095,0.14,0.17,0.16,0.205,0.16,0.1,0.125
02-17-2026 07:00,1771311600,0.065,0.1,0.14,0.185,0.16,0.22,0.16,0.095,0.13
02-17-2026 08:00,1771315200,0.065,0.09,0.135,0.185,0.16,0.21,0.16,0.125,0.125
02-17-2026 09:00,1771318800,0.06,0.09,0.135,0.145,0.16,0.215,0.16,0.125,0.125
02-17-2026 10:00,1771322400,0.06,0.085,0.135,0.145,0.16,0.215,0.16,0.125,0.13
02-17-2026 11:00,1771326000,0.06,0.085,0.135,0.145,0.16,0.215,0.16,0.125,0.13
02-17-2026 12:00,1771329600,0.06,0.09,0.135,0.145,0.16,0.215,0.16,0.125,0.13
02-17-2026 13:00,1771333200,0.06,0.09,0.135,0.215,0.16,0.195,0.16,0.125,0.13
02-17-2026 14:00,1771336800,0.06,0.09,0.135,0.21,0.16,0.175,0.16,0.125,0.13
02-17-2026 15:00,1771340400,0.055,0.09,0.135,0.215,0.16,0.195,0.16,0.125,0.13
02-17-2026 16:00,1771344000,0.05,0.085,0.13,0.19,0.16,0.27,0.16,0.11,0.12
02-17-2026 17:00,1771347600,0.05,0.085,0.13,0.19,0.16,0.23,0.16,0.1,0.105
02-17-2026 18:00,1771351200,0.05,0.085,0.13,0.195,0.16,0.23,0.16,0.1,0.105
02-17-2026 19:00,1771354800,0.05,0.08,0.13,0.195,0.16,0.23,0.16,0.09,0.105
02-17-2026 20:00,1771358400,0.05,0.08,0.13,0.215,0.16,0.23,0.16,0.09,0.12
02-17-2026 21:00,1771362000,0.05,0.08,0.13,0.21,0.16,0.23,0.16,0.09,0.12
02-17-2026 22:00,1771365600,0.05,0.08,0.13,0.195,0.16,0.23,0.16,0.095,0.125
02-17-2026 23:00,1771369200,0.05,0.085,0.13,0.195,0.16,0.23,0.16,0.09,0.125
02-18-2026 00:00,1771372800,0.05,0.085,0.13,0.205,0.16,0.23,0.16,0.09,0.125
02-18-2026 01:00,1771376400,0.05,0.085,0.13,0.18,0.16,0.23,0.16,0.09,0.14
02-18-2026 02:00,1771380000,0.05,0.085,0.13,0.175,0.16,0.23,0.16,0.09,0.12
02-18-2026 03:00,1771383600,0.05,0.085,0.13,0.175,0.16,0.23,0.16,0.09,0.12
02-18-2026 04:00,1771387200,0.05,0.075,0.13,0.185,0.155,0.23,0.16,0.09,0.125
02-18-2026 05:00,1771390800,0.05,0.075,0.13,0.185,0.165,0.23,0.16,0.09,0.125
02-18-2026 06:00,1771394400,0.05,0.075,0.13,0.18,0.165,0.23,0.16,0.09,0.135
02-18-2026 07:00,1771398000,0.05,0.075,0.13,0.175,0.165,0.23,0.16,0.09,0.125
02-18-2026 08:00,1771401600,0.05,0.075,0.13,0.175,0.165,0.23,0.16,0.09,0.135
02-18-2026 09:00,1771405200,0.05,0.075,0.13,0.18,0.17,0.23,0.16,0.09,0.125
02-18-2026 10:00,1771408800,0.05,0.075,0.13,0.17,0.17,0.23,0.16,0.09,0.125
02-18-2026 11:00,1771412400,0.05,0.075,0.13,0.175,0.17,0.23,0.16,0.095,0.12
02-18-2026 12:00,1771416000,0.05,0.075,0.13,0.175,0.17,0.23,0.16,0.09,0.125
02-18-2026 13:00,1771419600,0.05,0.075,0.13,0.175,0.17,0.23,0.16,0.09,0.12
02-18-2026 14:00,1771423200,0.05,0.075,0.13,0.17,0.17,0.23,0.16,0.095,0.13
02-18-2026 15:00,1771426800,0.05,0.075,0.13,0.17,0.17,0.23,0.16,0.095,0.12
02-18-2026 16:00,1771430400,0.05,0.075,0.13,0.17,0.17,0.23,0.16,0.095,0.13
02-18-2026 17:00,1771434000,0.05,0.075,0.13,0.17,0.17,0.23,0.16,0.095,0.12
02-18-2026 18:00,1771437600,0.05,0.075,0.13,0.17,0.17,0.23,0.16,0.095,0.13
02-18-2026 19:00,1771441200,0.05,0.075,0.125,0.18,0.245,0.235,0.15,0.095,0.13
02-18-2026 20:00,1771444800,0.05,0.075,0.125,0.18,0.245,0.235,0.15,0.095,0.12
02-18-2026 21:00,1771448400,0.05,0.075,0.125,0.225,0.245,0.235,0.15,0.095,0.125
02-18-2026 22:00,1771452000,0.05,0.075,0.125,0.185,0.225,0.235,0.15,0.095,0.125
02-18-2026 23:00,1771455600,0.05,0.075,0.125,0.195,0.255,0.235,0.15,0.095,0.12
02-19-2026 00:00,1771459200,0.05,0.075,0.125,0.19,0.24,0.235,0.15,0.095,0.13
02-19-2026 01:00,1771462800,0.05,0.075,0.125,0.185,0.23,0.235,0.15,0.095,0.125
02-19-2026 02:00,1771466400,0.05,0.075,0.125,0.2,0.23,0.235,0.15,0.095,0.125
02-19-2026 03:00,1771470000,0.05,0.075,0.125,0.185,0.3,0.235,0.15,0.095,0.115
02-19-2026 04:00,1771473600,0.05,0.075,0.13,0.165,0.325,0.235,0.145,0.09,0.11
02-19-2026 05:00,1771477200,0.05,0.075,0.13,0.145,0.325,0.235,0.145,0.09,0.115
02-19-2026 06:00,1771480800,0.05,0.075,0.13,0.13,0.3,0.235,0.145,0.09,0.11
02-19-2026 07:00,1771484400,0.05,0.075,0.11,0.14,0.315,0.235,0.13,0.085,0.105
02-19-2026 08:00,1771488000,0.05,0.075,0.105,0.125,0.31,0.235,0.135,0.08,0.105
02-19-2026 09:00,1771491600,0.05,0.07,0.095,0.115,0.31,0.22,0.14,0.075,0.09
02-19-2026 10:00,1771495200,0.05,0.075,0.125,0.165,0.245,0.235,0.15,0.08,0.125
02-19-2026 11:00,1771498800,0.05,0.075,0.125,0.135,0.285,0.24,0.13,0.08,0.11
02-19-2026 12:00,1771502400,0.05,0.065,0.125,0.135,0.285,0.24,0.13,0.08,0.09
02-19-2026 13:00,1771506000,0.05,0.07,0.1,0.18,0.215,0.245,0.16,0.08,0.125
02-19-2026 14:00,1771509600,0.05,0.07,0.1,0.17,0.205,0.245,0.16,0.07,0.125
02-19-2026 15:00,1771513200,0.05,0.07,0.1,0.16,0.205,0.245,0.16,0.07,0.12
02-19-2026 16:00,1771516800,0.05,0.07,0.1,0.16,0.2,0.245,0.165,0.07,0.125
02-19-2026 17:00,1771520400,0.05,0.07,0.1,0.16,0.21,0.245,0.165,0.07,0.115
02-19-2026 18:00,1771524000,0.05,0.07,0.1,0.16,0.2,0.245,0.165,0.07,0.115
02-19-2026 19:00,1771527600,0.05,0.07,0.1,0.16,0.2,0.245,0.165,0.07,0.12
02-19-2026 20:00,1771531200,0.05,0.07,0.1,0.16,0.2,0.245,0.165,0.07,0.125
02-19-2026 21:00,1771534800,0.05,0.07,0.1,0.155,0.165,0.245,0.135,0.07,0.125
02-19-2026 22:00,1771538400,0.05,0.07,0.1,0.16,0.125,0.245,0.145,0.07,0.075
02-19-2026 23:00,1771542000,0.05,0.07,0.1,0.155,0.125,0.245,0.145,0.075,0.075
02-20-2026 00:00,1771545600,0.05,0.07,0.1,0.155,0.125,0.245,0.145,0.075,0.075
02-20-2026 01:00,1771549200,0.05,0.07,0.1,0.155,0.125,0.245,0.145,0.07,0.075
02-20-2026 02:00,1771552800,0.05,0.075,0.1,0.155,0.115,0.245,0.135,0.055,0.065
02-20-2026 03:00,1771556400,0.05,0.06,0.1,0.16,0.125,0.245,0.17,0.075,0.065
02-20-2026 04:00,1771560000,0.05,0.06,0.125,0.16,0.125,0.245,0.17,0.075,0.075
02-20-2026 05:00,1771563600,0.05,0.06,0.125,0.16,0.125,0.245,0.17,0.075,0.075
02-20-2026 06:00,1771567200,0.05,0.06,0.125,0.17,0.125,0.245,0.17,0.075,0.075
02-20-2026 07:00,1771570800,0.05,0.06,0.125,0.175,0.125,0.245,0.17,0.075,0.075
02-20-2026 08:00,1771574400,0.05,0.06,0.125,0.175,0.125,0.245,0.17,0.075,0.075
02-20-2026 09:00,1771578000,0.05,0.06,0.125,0.175,0.155,0.245,0.17,0.075,0.075
02-20-2026 10:00,1771581600,0.05,0.06,0.125,0.17,0.21,0.245,0.17,0.075,0.075
02-20-2026 11:00,1771585200,0.05,0.06,0.125,0.175,0.195,0.245,0.17,0.075,0.075
02-20-2026 12:00,1771588800,0.05,0.06,0.115,0.165,0.19,0.245,0.165,0.07,0.07
02-20-2026 13:00,1771592400,0.05,0.06,0.115,0.175,0.18,0.25,0.17,0.07,0.075
02-20-2026 14:00,1771596000,0.05,0.06,0.11,0.18,0.19,0.25,0.17,0.075,0.075
02-20-2026 15:00,1771599600,0.05,0.06,0.11,0.185,0.19,0.25,0.17,0.07,0.075
02-20-2026 16:00,1771603200,0.05,0.06,0.11,0.2,0.185,0.25,0.17,0.07,0.075
02-20-2026 17:00,1771606800,0.05,0.06,0.105,0.2,0.18,0.25,0.17,0.075,0.075
02-20-2026 18:00,1771610400,0.05,0.06,0.105,0.205,0.18,0.25,0.17,0.075,0.075
02-20-2026 19:00,1771614000,0.05,0.06,0.105,0.205,0.175,0.25,0.17,0.075,0.075
02-20-2026 20:00,1771617600,0.05,0.06,0.105,0.215,0.175,0.25,0.165,0.07,0.075
02-20-2026 21:00,1771621200,0.05,0.06,0.105,0.2,0.185,0.26,0.165,0.07,0.075
02-20-2026 22:00,1771624800,0.05,0.06,0.1,0.2,0.185,0.255,0.16,0.07,0.075
02-20-2026 23:00,1771628400,0.05,0.06,0.1,0.2,0.185,0.255,0.16,0.07,0.075
02-21-2026 00:00,1771632000,0.05,0.06,0.1,0.15,0.19,0.26,0.16,0.07,0.075
02-21-2026 01:00,1771635600,0.05,0.06,0.1,0.17,0.2,0.295,0.17,0.075,0.075
02-21-2026 02:00,1771639200,0.05,0.06,0.115,0.165,0.19,0.305,0.17,0.075,0.075
02-21-2026 03:00,1771642800,0.05,0.06,0.105,0.145,0.205,0.31,0.165,0.07,0.095
02-21-2026 04:00,1771646400,0.05,0.06,0.1,0.135,0.205,0.3,0.16,0.075,0.095
02-21-2026 05:00,1771650000,0.05,0.06,0.105,0.13,0.21,0.295,0.16,0.075,0.095
02-21-2026 06:00,1771653600,0.05,0.06,0.105,0.135,0.2,0.32,0.16,0.075,0.095
02-21-2026 07:00,1771657200,0.05,0.06,0.105,0.13,0.215,0.295,0.16,0.075,0.095
02-21-2026 08:00,1771660800,0.05,0.06,0.1,0.13,0.195,0.315,0.155,0.07,0.095
02-21-2026 09:00,1771664400,0.05,0.06,0.095,0.135,0.185,0.295,0.16,0.075,0.105
02-21-2026 10:00,1771668000,0.05,0.06,0.11,0.16,0.19,0.285,0.155,0.07,0.085
02-21-2026 11:00,1771671600,0.05,0.06,0.105,0.16,0.17,0.275,0.16,0.065,0.08
02-21-2026 12:00,1771675200,0.05,0.06,0.105,0.165,0.165,0.3,0.16,0.07,0.095
02-21-2026 13:00,1771678800,0.05,0.06,0.105,0.155,0.18,0.3,0.16,0.065,0.095
02-21-2026 14:00,1771682400,0.05,0.06,0.1,0.145,0.195,0.3,0.155,0.065,0.085
02-21-2026 15:00,1771686000,0.05,0.06,0.095,0.14,0.21,0.295,0.145,0.065,0.085
02-21-2026 16:00,1771689600,0.05,0.06,0.1,0.14,0.195,0.305,0.14,0.065,0.075
02-21-2026 17:00,1771693200,0.0325,0.025,0.07,0.17,0.25,0.32,0.155,0.055,0.03
02-21-2026 18:00,1771696800,0.0325,0.025,0.045,0.17,0.25,0.325,0.15,0.065,0.028
02-21-2026 19:00,1771700400,0.0325,0.025,0.045,0.17,0.25,0.325,0.15,0.065,0.0345
02-21-2026 20:00,1771704000,0.0325,0.025,0.045,0.175,0.25,0.325,0.155,0.065,0.0345
02-21-2026 21:00,1771707600,0.0325,0.025,0.06,0.135,0.29,0.305,0.145,0.075,0.0335
02-21-2026 22:00,1771711200,0.0325,0.025,0.06,0.13,0.305,0.305,0.145,0.075,0.0335
02-21-2026 23:00,1771714800,0.0325,0.025,0.06,0.135,0.31,0.305,0.145,0.075,0.0335
02-22-2026 00:00,1771718400,0.035,0.034,0.055,0.135,0.315,0.31,0.145,0.075,0.0345
02-22-2026 01:00,1771722000,0.035,0.0335,0.06,0.12,0.32,0.305,0.145,0.075,0.034
02-22-2026 02:00,1771725600,0.035,0.0335,0.055,0.14,0.3,0.305,0.145,0.075,0.0345
02-22-2026 03:00,1771729200,0.035,0.0335,0.055,0.125,0.315,0.315,0.145,0.075,0.034
02-22-2026 04:00,1771732800,0.035,0.034,0.05,0.13,0.315,0.305,0.145,0.075,0.031
02-22-2026 05:00,1771736400,0.035,0.034,0.055,0.13,0.285,0.305,0.145,0.08,0.0335
02-22-2026 06:00,1771740000,0.035,0.034,0.06,0.14,0.3,0.305,0.145,0.08,0.034
02-22-2026 07:00,1771743600,0.035,0.034,0.06,0.14,0.285,0.305,0.145,0.08,0.033
02-22-2026 08:00,1771747200,0.035,0.034,0.06,0.14,0.285,0.305,0.145,0.08,0.0295
02-22-2026 09:00,1771750800,0.035,0.034,0.065,0.14,0.285,0.305,0.145,0.08,0.0345
02-22-2026 10:00,1771754400,0.035,0.034,0.055,0.14,0.28,0.305,0.145,0.075,0.033
02-22-2026 11:00,1771758000,0.035,0.033,0.055,0.15,0.265,0.315,0.145,0.07,0.03
02-22-2026 12:00,1771761600,0.035,0.033,0.055,0.145,0.26,0.305,0.145,0.07,0.0325
02-22-2026 13:00,1771765200,0.035,0.033,0.06,0.13,0.26,0.305,0.145,0.07,0.032
02-22-2026 14:00,1771768800,0.035,0.0335,0.06,0.14,0.26,0.305,0.145,0.075,0.033
02-22-2026 15:00,1771772400,0.035,0.0255,0.075,0.145,0.26,0.305,0.145,0.075,0.023
02-22-2026 16:00,1771776000,0.035,0.0255,0.06,0.145,0.285,0.305,0.145,0.075,0.0255
02-22-2026 17:00,1771779600,0.035,0.0255,0.06,0.14,0.28,0.305,0.145,0.075,0.024
02-22-2026 18:00,1771783200,0.03,0.0245,0.055,0.12,0.315,0.305,0.145,0.075,0.026
02-22-2026 19:00,1771786800,0.03,0.0195,0.05,0.12,0.33,0.305,0.145,0.07,0.0245
02-22-2026 20:00,1771790400,0.03,0.0195,0.045,0.115,0.335,0.305,0.145,0.07,0.033
02-22-2026 21:00,1771794000,0.0295,0.02,0.05,0.12,0.34,0.3,0.14,0.07,0.0245
02-22-2026 22:00,1771797600,0.03,0.0195,0.05,0.125,0.31,0.305,0.145,0.07,0.0245
02-22-2026 23:00,1771801200,0.03,0.0195,0.06,0.135,0.3,0.305,0.145,0.07,0.0255
02-23-2026 00:00,1771804800,0.03,0.019,0.05,0.13,0.3,0.305,0.145,0.07,0.026
02-23-2026 02:00,1771812000,0.03,0.019,0.055,0.13,0.32,0.305,0.145,0.07,0.027
02-23-2026 03:00,1771815600,0.03,0.019,0.055,0.13,0.305,0.305,0.145,0.07,0.028
02-23-2026 04:00,1771819200,0.029,0.019,0.04,0.13,0.305,0.305,0.145,0.07,0.027
02-23-2026 05:00,1771822800,0.029,0.019,0.055,0.14,0.325,0.305,0.145,0.07,0.028
02-23-2026 06:00,1771826400,0.029,0.019,0.055,0.145,0.32,0.305,0.145,0.07,0.0215
02-23-2026 07:00,1771830000,0.029,0.019,0.045,0.14,0.33,0.305,0.145,0.07,0.028
02-23-2026 08:00,1771833600,0.029,0.019,0.05,0.14,0.33,0.305,0.145,0.07,0.03
02-23-2026 09:00,1771837200,0.029,0.0275,0.05,0.13,0.325,0.305,0.145,0.07,0.0295
02-23-2026 10:00,1771840800,0.029,0.0245,0.055,0.13,0.325,0.305,0.145,0.07,0.0285
02-23-2026 11:00,1771844400,0.029,0.0235,0.05,0.125,0.315,0.305,0.145,0.07,0.0235
02-23-2026 12:00,1771848000,0.029,0.021,0.05,0.13,0.315,0.305,0.145,0.07,0.0235
02-23-2026 13:00,1771851600,0.029,0.0235,0.05,0.13,0.315,0.305,0.145,0.07,0.0235
02-23-2026 14:00,1771855200,0.029,0.0235,0.045,0.13,0.315,0.305,0.145,0.07,0.0235
02-23-2026 15:00,1771858800,0.029,0.0235,0.045,0.13,0.315,0.305,0.145,0.07,0.0235
02-23-2026 16:00,1771862400,0.029,0.0235,0.045,0.13,0.315,0.305,0.145,0.07,0.0235
02-23-2026 17:00,1771866000,0.029,0.0235,0.045,0.13,0.315,0.305,0.145,0.07,0.0235
02-23-2026 18:00,1771869600,0.029,0.0235,0.045,0.13,0.315,0.305,0.145,0.07,0.0235
02-23-2026 19:00,1771873200,0.029,0.0235,0.045,0.13,0.315,0.305,0.145,0.07,0.024
02-23-2026 20:00,1771876800,0.029,0.0235,0.045,0.13,0.295,0.305,0.145,0.07,0.0265
02-23-2026 21:00,1771880400,0.029,0.0235,0.045,0.13,0.295,0.305,0.145,0.07,0.0265
02-23-2026 22:00,1771884000,0.029,0.023,0.045,0.15,0.3,0.305,0.145,0.07,0.023
02-23-2026 23:00,1771887600,0.029,0.022,0.045,0.15,0.3,0.305,0.135,0.065,0.024
02-24-2026 00:00,1771891200,0.029,0.0195,0.045,0.15,0.3,0.305,0.135,0.065,0.022
02-24-2026 01:00,1771894800,0.029,0.024,0.045,0.145,0.3,0.305,0.135,0.065,0.027
02-24-2026 02:00,1771898400,0.029,0.0215,0.045,0.14,0.305,0.305,0.135,0.06,0.025
02-24-2026 03:00,1771902000,0.029,0.0135,0.045,0.14,0.305,0.305,0.14,0.06,0.025
02-24-2026 04:00,1771905600,0.029,0.012,0.045,0.14,0.305,0.305,0.145,0.055,0.0245
02-24-2026 05:00,1771909200,0.029,0.026,0.045,0.14,0.305,0.305,0.145,0.055,0.024
02-24-2026 06:00,1771912800,0.029,0.0205,0.045,0.14,0.305,0.305,0.145,0.065,0.024
02-24-2026 07:00,1771916400,0.029,0.0155,0.045,0.14,0.305,0.305,0.145,0.07,0.024
02-24-2026 08:00,1771920000,0.029,0.0245,0.05,0.135,0.305,0.305,0.145,0.06,0.024
02-24-2026 09:00,1771923600,0.029,0.0195,0.055,0.135,0.305,0.305,0.145,0.06,0.024
02-24-2026 10:00,1771927200,0.029,0.017,0.05,0.135,0.285,0.305,0.145,0.06,0.0235
02-24-2026 11:00,1771930800,0.029,0.017,0.045,0.155,0.265,0.305,0.145,0.06,0.0235
02-24-2026 12:00,1771934400,0.029,0.017,0.045,0.16,0.265,0.305,0.145,0.06,0.0235
02-24-2026 13:00,1771938000,0.029,0.017,0.05,0.155,0.275,0.305,0.145,0.06,0.0235
02-24-2026 14:00,1771941600,0.029,0.017,0.05,0.16,0.265,0.305,0.145,0.06,0.0235
02-24-2026 15:00,1771945200,0.029,0.017,0.05,0.16,0.27,0.305,0.145,0.06,0.0235
02-24-2026 16:00,1771948800,0.029,0.017,0.05,0.165,0.27,0.305,0.145,0.06,0.0235
02-24-2026 17:00,1771952400,0.029,0.017,0.05,0.14,0.265,0.305,0.145,0.06,0.0235
02-24-2026 18:00,1771956000,0.029,0.017,0.05,0.15,0.27,0.305,0.145,0.06,0.0235
02-24-2026 19:00,1771959600,0.029,0.017,0.055,0.15,0.26,0.305,0.145,0.06,0.023
02-24-2026 20:00,1771963200,0.029,0.017,0.055,0.15,0.255,0.305,0.145,0.06,0.023
02-24-2026 21:00,1771966800,0.029,0.017,0.055,0.15,0.26,0.305,0.145,0.06,0.023
02-24-2026 22:00,1771970400,0.029,0.017,0.05,0.155,0.26,0.305,0.145,0.06,0.023
02-24-2026 23:00,1771974000,0.029,0.017,0.05,0.155,0.26,0.305,0.145,0.06,0.023
02-25-2026 00:00,1771977600,0.029,0.017,0.05,0.16,0.26,0.31,0.145,0.06,0.023
02-25-2026 01:00,1771981200,0.029,0.017,0.055,0.16,0.265,0.31,0.145,0.06,0.023
02-25-2026 02:00,1771984800,0.029,0.017,0.05,0.16,0.265,0.31,0.145,0.06,0.023
02-25-2026 03:00,1771988400,0.029,0.017,0.05,0.155,0.255,0.31,0.145,0.06,0.023
02-25-2026 04:00,1771992000,0.029,0.017,0.05,0.16,0.255,0.31,0.145,0.06,0.024
02-25-2026 05:00,1771995600,0.029,0.017,0.05,0.16,0.255,0.31,0.145,0.07,0.024
02-25-2026 06:00,1771999200,0.029,0.017,0.05,0.155,0.255,0.31,0.145,0.07,0.024
02-25-2026 07:00,1772002800,0.029,0.017,0.05,0.145,0.26,0.31,0.145,0.07,0.023
02-25-2026 08:00,1772006400,0.029,0.017,0.05,0.15,0.26,0.31,0.145,0.07,0.023
02-25-2026 09:00,1772010000,0.029,0.017,0.06,0.16,0.27,0.31,0.145,0.07,0.0295
02-25-2026 10:00,1772013600,0.029,0.017,0.06,0.15,0.255,0.31,0.145,0.07,0.0295
02-25-2026 11:00,1772017200,0.029,0.017,0.055,0.15,0.25,0.31,0.145,0.07,0.0285
02-25-2026 12:00,1772020800,0.029,0.017,0.055,0.16,0.25,0.31,0.145,0.07,0.023
02-25-2026 13:00,1772024400,0.029,0.017,0.055,0.15,0.25,0.31,0.145,0.07,0.0235
02-25-2026 14:00,1772028000,0.029,0.017,0.06,0.15,0.25,0.31,0.145,0.07,0.0235
02-25-2026 15:00,1772031600,0.03,0.0165,0.06,0.14,0.27,0.31,0.145,0.075,0.022
02-25-2026 16:00,1772035200,0.0295,0.016,0.045,0.155,0.255,0.31,0.145,0.07,0.024
02-25-2026 17:00,1772038800,0.0295,0.016,0.05,0.145,0.25,0.31,0.145,0.07,0.024
02-25-2026 18:00,1772042400,0.0295,0.016,0.045,0.155,0.25,0.31,0.145,0.07,0.023
02-25-2026 19:00,1772046000,0.0295,0.016,0.05,0.16,0.25,0.31,0.145,0.07,0.023
02-25-2026 20:00,1772049600,0.0295,0.016,0.045,0.155,0.25,0.305,0.145,0.07,0.019
02-25-2026 21:00,1772053200,0.0295,0.016,0.045,0.165,0.26,0.305,0.145,0.07,0.0245
02-25-2026 22:00,1772056800,0.0295,0.016,0.045,0.165,0.26,0.305,0.14,0.07,0.029
02-25-2026 23:00,1772060400,0.0295,0.016,0.045,0.16,0.255,0.31,0.14,0.07,0.023
02-26-2026 00:00,1772064000,0.0295,0.016,0.045,0.165,0.26,0.31,0.145,0.07,0.0225
02-26-2026 01:00,1772067600,0.03,0.016,0.045,0.16,0.265,0.31,0.145,0.07,0.0205
02-26-2026 02:00,1772071200,0.0295,0.016,0.055,0.165,0.26,0.31,0.145,0.07,0.0285
02-26-2026 03:00,1772074800,0.0295,0.016,0.055,0.16,0.265,0.31,0.145,0.07,0.023
02-26-2026 04:00,1772078400,0.029,0.016,0.055,0.155,0.255,0.31,0.145,0.07,0.023
02-26-2026 05:00,1772082000,0.0295,0.016,0.055,0.155,0.265,0.32,0.145,0.07,0.0235
02-26-2026 06:00,1772085600,0.0295,0.016,0.055,0.155,0.27,0.305,0.145,0.07,0.024
02-26-2026 07:00,1772089200,0.03,0.0165,0.065,0.16,0.27,0.3,0.145,0.07,0.0225
02-26-2026 08:00,1772092800,0.0295,0.016,0.06,0.155,0.275,0.305,0.165,0.07,0.0335
02-26-2026 09:00,1772096400,0.0295,0.016,0.065,0.15,0.27,0.305,0.165,0.07,0.033
02-26-2026 10:00,1772100000,0.0275,0.0155,0.065,0.13,0.28,0.325,0.165,0.07,0.0335
02-26-2026 11:00,1772103600,0.0275,0.0155,0.065,0.13,0.28,0.315,0.165,0.07,0.033
02-26-2026 12:00,1772107200,0.0275,0.0155,0.065,0.13,0.28,0.32,0.165,0.07,0.033
02-26-2026 13:00,1772110800,0.0275,0.0155,0.065,0.13,0.28,0.335,0.165,0.07,0.033
02-26-2026 14:00,1772114400,0.0275,0.015,0.055,0.135,0.265,0.325,0.165,0.07,0.029
02-26-2026 15:00,1772118000,0.0275,0.015,0.05,0.135,0.265,0.335,0.165,0.07,0.032
02-26-2026 16:00,1772121600,0.0275,0.015,0.05,0.145,0.265,0.33,0.165,0.07,0.031
02-26-2026 17:00,1772125200,0.0275,0.015,0.06,0.14,0.265,0.325,0.165,0.07,0.033
02-26-2026 18:00,1772128800,0.0255,0.015,0.06,0.14,0.265,0.325,0.165,0.07,0.033
02-26-2026 19:00,1772132400,0.0255,0.015,0.055,0.235,0.265,0.215,0.165,0.07,0.029
02-26-2026 20:00,1772136000,0.0255,0.015,0.055,0.25,0.265,0.22,0.165,0.07,0.023
02-26-2026 21:00,1772139600,0.0255,0.015,0.055,0.265,0.26,0.215,0.145,0.055,0.031
02-26-2026 22:00,1772143200,0.0255,0.015,0.06,0.265,0.26,0.22,0.145,0.055,0.033
02-26-2026 23:00,1772146800,0.0255,0.015,0.06,0.27,0.26,0.245,0.145,0.055,0.033
02-27-2026 00:00,1772150400,0.0255,0.015,0.06,0.27,0.26,0.245,0.145,0.055,0.032
02-27-2026 01:00,1772154000,0.0255,0.015,0.06,0.265,0.26,0.245,0.145,0.055,0.033
02-27-2026 02:00,1772157600,0.0255,0.015,0.06,0.245,0.26,0.275,0.145,0.055,0.033
02-27-2026 03:00,1772161200,0.0255,0.015,0.06,0.22,0.26,0.29,0.145,0.055,0.033
02-27-2026 04:00,1772164800,0.0255,0.015,0.065,0.22,0.255,0.26,0.145,0.055,0.033
02-27-2026 05:00,1772168400,0.0255,0.015,0.065,0.22,0.255,0.27,0.145,0.055,0.034
02-27-2026 06:00,1772172000,0.0255,0.015,0.065,0.22,0.255,0.28,0.145,0.055,0.033
02-27-2026 07:00,1772175600,0.0255,0.015,0.06,0.23,0.255,0.275,0.145,0.055,0.032
02-27-2026 08:00,1772179200,0.0255,0.015,0.06,0.23,0.285,0.28,0.175,0.055,0.033
02-27-2026 09:00,1772182800,0.0255,0.015,0.06,0.225,0.285,0.255,0.175,0.055,0.0315
02-27-2026 10:00,1772186400,0.0255,0.015,0.06,0.23,0.285,0.255,0.195,0.055,0.0335
02-27-2026 11:00,1772190000,0.0255,0.015,0.06,0.23,0.285,0.175,0.185,0.055,0.0335
02-27-2026 12:00,1772193600,0.0255,0.014,0.06,0.315,0.285,0.125,0.185,0.055,0.0335
02-27-2026 13:00,1772197200,0.0255,0.014,0.06,0.31,0.285,0.125,0.245,0.055,0.0335
02-27-2026 14:00,1772200800,0.0255,0.014,0.06,0.315,0.285,0.125,0.245,0.055,0.0335
02-27-2026 15:00,1772204400,0.0255,0.014,0.06,0.32,0.285,0.125,0.245,0.045,0.0335
02-27-2026 16:00,1772208000,0.0255,0.014,0.06,0.3,0.28,0.125,0.255,0.045,0.0335
02-27-2026 17:00,1772211600,0.0255,0.014,0.06,0.315,0.24,0.13,0.255,0.045,0.0335
02-27-2026 18:00,1772215200,0.0255,0.014,0.045,0.27,0.27,0.255,0.185,0.045,0.024
02-27-2026 19:00,1772218800,0.0255,0.014,0.045,0.265,0.23,0.25,0.18,0.045,0.023
02-27-2026 20:00,1772222400,0.0255,0.014,0.045,0.265,0.225,0.25,0.185,0.045,0.023
02-27-2026 21:00,1772226000,0.0255,0.014,0.045,0.265,0.225,0.27,0.185,0.045,0.024
02-27-2026 22:00,1772229600,0.0255,0.014,0.045,0.265,0.265,0.325,0.2,0.045,0.024
02-27-2026 23:00,1772233200,0.0255,0.014,0.045,0.26,0.275,0.31,0.185,0.0455,0.024
02-28-2026 00:00,1772236800,0.0255,0.014,0.045,0.26,0.27,0.305,0.185,0.0455,0.0225
02-28-2026 01:00,1772240400,0.0255,0.014,0.045,0.26,0.27,0.305,0.185,0.0455,0.023
02-28-2026 02:00,1772244000,0.0255,0.014,0.045,0.25,0.27,0.325,0.18,0.0455,0.0235
02-28-2026 03:00,1772247600,0.0255,0.014,0.045,0.25,0.27,0.33,0.175,0.0455,0.024
02-28-2026 04:00,1772251200,0.0255,0.014,0.045,0.23,0.27,0.335,0.16,0.0455,0.0225
02-28-2026 05:00,1772254800,0.0255,0.014,0.045,0.225,0.215,0.34,0.165,0.041,0.024
02-28-2026 06:00,1772258400,0.0255,0.014,0.045,0.23,0.27,0.34,0.175,0.041,0.024
02-28-2026 07:00,1772262000,0.0255,0.014,0.045,0.26,0.24,0.345,0.2,0.041,0.0235
02-28-2026 08:00,1772265600,0.0255,0.014,0.045,0.265,0.215,0.365,0.19,0.041,0.024
02-28-2026 09:00,1772269200,0.0255,0.014,0.045,0.265,0.18,0.365,0.19,0.041,0.023
02-28-2026 10:00,1772272800,0.0255,0.014,0.045,0.265,0.18,0.365,0.195,0.041,0.024
02-28-2026 11:00,1772276400,0.0255,0.014,0.045,0.265,0.18,0.365,0.2,0.041,0.023
02-28-2026 12:00,1772280000,0.0255,0.014,0.045,0.265,0.18,0.365,0.195,0.041,0.0235
02-28-2026 13:00,1772283600,0.0255,0.014,0.045,0.265,0.18,0.365,0.2,0.041,0.0215
02-28-2026 14:00,1772287200,0.0255,0.014,0.045,0.265,0.18,0.365,0.2,0.041,0.0215
02-28-2026 15:00,1772290800,0.0255,0.014,0.045,0.265,0.18,0.365,0.185,0.041,0.023
02-28-2026 16:00,1772294400,0.0315,0.014,0.045,0.265,0.18,0.365,0.19,0.045,0.028
02-28-2026 17:00,1772298000,0.0315,0.014,0.045,0.265,0.18,0.365,0.19,0.045,0.028
02-28-2026 18:00,1772301600,0.0315,0.014,0.045,0.265,0.18,0.365,0.185,0.045,0.027
02-28-2026 19:00,1772305200,0.0315,0.014,0.04,0.265,0.18,0.365,0.185,0.0495,0.028
02-28-2026 20:00,1772308800,0.0315,0.014,0.0495,0.265,0.18,0.365,0.2,0.0445,0.031
02-28-2026 21:00,1772312400,0.0315,0.014,0.0455,0.265,0.19,0.365,0.19,0.045,0.0255
02-28-2026 22:00,1772316000,0.0315,0.014,0.045,0.265,0.195,0.365,0.195,0.045,0.026
02-28-2026 23:00,1772319600,0.0315,0.014,0.0495,0.265,0.19,0.365,0.19,0.0495,0.033
03-01-2026 00:00,1772323200,0.0315,0.014,0.0495,0.26,0.19,0.365,0.19,0.0495,0.028
03-01-2026 01:00,1772326800,0.0315,0.014,0.045,0.265,0.19,0.365,0.19,0.045,0.028
03-01-2026 02:00,1772330400,0.0315,0.014,0.045,0.265,0.19,0.365,0.19,0.045,0.028
03-01-2026 03:00,1772334000,0.0315,0.014,0.045,0.265,0.19,0.365,0.195,0.045,0.028
03-01-2026 04:00,1772337600,0.0315,0.014,0.059,0.265,0.19,0.31,0.19,0.045,0.0425
03-01-2026 05:00,1772341200,0.0315,0.014,0.0635,0.265,0.19,0.31,0.19,0.0495,0.039
03-01-2026 06:00,1772344800,0.0315,0.014,0.0635,0.265,0.19,0.315,0.19,0.0495,0.0545
03-01-2026 07:00,1772348400,0.0315,0.014,0.0635,0.265,0.19,0.31,0.195,0.0495,0.044
03-01-2026 08:00,1772352000,0.0315,0.014,0.059,0.265,0.19,0.315,0.195,0.045,0.044
03-01-2026 09:00,1772355600,0.0315,0.014,0.059,0.265,0.22,0.315,0.195,0.045,0.044
03-01-2026 10:00,1772359200,0.0315,0.014,0.059,0.265,0.22,0.31,0.195,0.045,0.0415
03-01-2026 11:00,1772362800,0.0315,0.014,0.059,0.265,0.235,0.315,0.195,0.045,0.035
03-01-2026 12:00,1772366400,0.0315,0.014,0.0635,0.265,0.24,0.305,0.2,0.0495,0.0425
03-01-2026 13:00,1772370000,0.0315,0.014,0.059,0.265,0.235,0.295,0.2,0.0455,0.034
03-01-2026 14:00,1772373600,0.0315,0.014,0.0585,0.265,0.235,0.315,0.2,0.046,0.034
03-01-2026 15:00,1772377200,0.0315,0.014,0.0575,0.265,0.235,0.315,0.2,0.053,0.0365
03-01-2026 16:00,1772380800,0.0255,0.013,0.0585,0.265,0.235,0.315,0.2,0.039,0.0235
03-01-2026 17:00,1772384400,0.0255,0.013,0.058,0.265,0.235,0.315,0.2,0.039,0.022
03-01-2026 18:00,1772388000,0.0225,0.013,0.0585,0.265,0.235,0.315,0.2,0.0375,0.0215
03-01-2026 19:00,1772391600,0.0225,0.013,0.0585,0.265,0.235,0.31,0.2,0.0375,0.022
03-01-2026 20:00,1772395200,0.0225,0.013,0.0585,0.265,0.235,0.31,0.2,0.0375,0.022
03-01-2026 21:00,1772398800,0.0225,0.013,0.0585,0.265,0.235,0.315,0.195,0.0375,0.022
03-01-2026 22:00,1772402400,0.0225,0.013,0.0585,0.265,0.235,0.265,0.2,0.0375,0.022
03-01-2026 23:00,1772406000,0.0225,0.013,0.0585,0.265,0.235,0.295,0.2,0.0375,0.022
03-02-2026 00:00,1772409600,0.0225,0.013,0.0585,0.265,0.235,0.265,0.2,0.0375,0.022
03-02-2026 01:00,1772413200,0.0225,0.013,0.0585,0.265,0.235,0.265,0.195,0.0375,0.022
03-02-2026 02:00,1772416800,0.0225,0.013,0.0585,0.265,0.235,0.265,0.195,0.0375,0.022
03-02-2026 03:00,1772420400,0.0225,0.013,0.0585,0.265,0.245,0.295,0.2,0.0375,0.021
03-02-2026 04:00,1772424000,0.0215,0.013,0.059,0.225,0.225,0.265,0.195,0.0375,0.019
03-02-2026 05:00,1772427600,0.0215,0.013,0.059,0.225,0.225,0.27,0.195,0.0375,0.019
03-02-2026 06:00,1772431200,0.0215,0.013,0.059,0.225,0.235,0.27,0.195,0.0375,0.0205
03-02-2026 07:00,1772434800,0.0215,0.013,0.059,0.225,0.235,0.31,0.185,0.0375,0.0185
03-02-2026 08:00,1772438400,0.0215,0.013,0.059,0.225,0.235,0.27,0.185,0.0375,0.0185
03-02-2026 09:00,1772442000,0.0215,0.013,0.059,0.225,0.23,0.265,0.2,0.0375,0.022
03-02-2026 10:00,1772445600,0.0215,0.013,0.059,0.225,0.23,0.265,0.2,0.0375,0.0195
03-02-2026 11:00,1772449200,0.0215,0.013,0.059,0.225,0.225,0.31,0.2,0.0375,0.0185
03-02-2026 12:00,1772452800,0.0215,0.013,0.059,0.225,0.255,0.265,0.2,0.0375,0.017
03-02-2026 13:00,1772456400,0.0215,0.013,0.059,0.225,0.26,0.27,0.2,0.0375,0.019
03-02-2026 14:00,1772460000,0.0215,0.013,0.059,0.225,0.275,0.275,0.195,0.0375,0.019
03-02-2026 15:00,1772463600,0.0215,0.013,0.059,0.225,0.275,0.265,0.195,0.0375,0.0175
03-02-2026 16:00,1772467200,0.0215,0.013,0.0535,0.225,0.275,0.27,0.2,0.0375,0.0205
03-02-2026 17:00,1772470800,0.0215,0.013,0.0535,0.225,0.275,0.27,0.2,0.0375,0.0185
03-02-2026 18:00,1772474400,0.0215,0.013,0.0535,0.255,0.275,0.27,0.2,0.0375,0.019
03-02-2026 19:00,1772478000,0.0215,0.012,0.0295,0.225,0.285,0.3,0.175,0.0325,0.018
03-02-2026 20:00,1772481600,0.0215,0.012,0.0295,0.225,0.285,0.26,0.185,0.0325,0.019
03-02-2026 21:00,1772485200,0.0215,0.012,0.0295,0.225,0.28,0.26,0.2,0.0325,0.019
03-02-2026 22:00,1772488800,0.0215,0.012,0.0295,0.225,0.285,0.255,0.2,0.0325,0.0205
03-02-2026 23:00,1772492400,0.0215,0.012,0.0295,0.225,0.285,0.265,0.2,0.0325,0.0185
03-03-2026 00:00,1772496000,0.0215,0.012,0.0295,0.225,0.285,0.25,0.195,0.0325,0.019
03-03-2026 01:00,1772499600,0.0215,0.012,0.0295,0.225,0.28,0.255,0.2,0.0325,0.0205
03-03-2026 02:00,1772503200,0.0215,0.012,0.0295,0.225,0.28,0.255,0.2,0.0325,0.02
03-03-2026 03:00,1772506800,0.0215,0.012,0.0295,0.225,0.275,0.255,0.2,0.0325,0.02
03-03-2026 04:00,1772510400,0.0225,0.012,0.0295,0.255,0.275,0.25,0.2,0.0325,0.018
03-03-2026 05:00,1772514000,0.0225,0.012,0.0295,0.255,0.275,0.25,0.2,0.0335,0.021
03-03-2026 06:00,1772517600,0.0225,0.012,0.0295,0.265,0.275,0.245,0.2,0.0335,0.022
03-03-2026 07:00,1772521200,0.0225,0.012,0.0295,0.265,0.275,0.235,0.195,0.0335,0.021
03-03-2026 08:00,1772524800,0.0225,0.012,0.0295,0.265,0.275,0.235,0.195,0.0335,0.021
03-03-2026 09:00,1772528400,0.0225,0.012,0.0295,0.265,0.275,0.235,0.205,0.0335,0.0215
03-03-2026 10:00,1772532000,0.0225,0.012,0.0295,0.27,0.275,0.235,0.2,0.0335,0.02
03-03-2026 11:00,1772535600,0.0225,0.012,0.0295,0.26,0.275,0.235,0.2,0.0335,0.0195
03-03-2026 12:00,1772539200,0.0225,0.012,0.0295,0.27,0.275,0.235,0.2,0.0335,0.0175
03-03-2026 13:00,1772542800,0.0225,0.012,0.0295,0.255,0.27,0.23,0.195,0.0335,0.0195
03-03-2026 14:00,1772546400,0.0225,0.012,0.0295,0.255,0.27,0.23,0.195,0.033,0.019
03-03-2026 15:00,1772550000,0.0225,0.012,0.029,0.265,0.27,0.23,0.205,0.034,0.0195
03-03-2026 16:00,1772553600,0.0225,0.012,0.029,0.265,0.27,0.23,0.205,0.032,0.02
03-03-2026 17:00,1772557200,0.0225,0.012,0.029,0.26,0.27,0.23,0.205,0.0325,0.019
03-03-2026 18:00,1772560800,0.0225,0.012,0.0285,0.26,0.27,0.23,0.2,0.032,0.0195
03-03-2026 19:00,1772564400,0.0225,0.012,0.029,0.28,0.285,0.23,0.205,0.0325,0.0195
03-03-2026 20:00,1772568000,0.0225,0.012,0.0285,0.275,0.275,0.23,0.195,0.033,0.019
03-03-2026 21:00,1772571600,0.0225,0.012,0.0285,0.275,0.275,0.23,0.2,0.033,0.019
03-03-2026 22:00,1772575200,0.0225,0.012,0.0285,0.275,0.275,0.23,0.2,0.032,0.019
03-03-2026 23:00,1772578800,0.0225,0.012,0.0285,0.275,0.275,0.23,0.2,0.032,0.019
03-04-2026 00:00,1772582400,0.0225,0.012,0.0285,0.27,0.275,0.23,0.2,0.032,0.019
03-04-2026 01:00,1772586000,0.0225,0.012,0.0285,0.27,0.275,0.23,0.2,0.032,0.019
03-04-2026 02:00,1772589600,0.0225,0.012,0.029,0.225,0.275,0.23,0.2,0.032,0.019
03-04-2026 03:00,1772593200,0.0225,0.012,0.029,0.23,0.28,0.23,0.205,0.0325,0.019
03-04-2026 04:00,1772596800,0.022,0.012,0.0285,0.23,0.275,0.22,0.2,0.0375,0.019
03-04-2026 05:00,1772600400,0.022,0.012,0.0285,0.23,0.275,0.22,0.2,0.0375,0.022
03-04-2026 06:00,1772604000,0.022,0.012,0.029,0.23,0.275,0.22,0.2,0.038,0.022
03-04-2026 07:00,1772607600,0.022,0.012,0.0285,0.26,0.285,0.22,0.2,0.0375,0.0215
03-04-2026 08:00,1772611200,0.022,0.012,0.0285,0.26,0.275,0.22,0.2,0.0375,0.022
03-04-2026 09:00,1772614800,0.022,0.012,0.029,0.27,0.275,0.22,0.205,0.038,0.0215
03-04-2026 10:00,1772618400,0.022,0.012,0.029,0.27,0.275,0.22,0.205,0.039,0.019
03-04-2026 11:00,1772622000,0.022,0.012,0.0275,0.27,0.275,0.22,0.2,0.037,0.0185
03-04-2026 12:00,1772625600,0.022,0.012,0.0275,0.26,0.275,0.22,0.2,0.037,0.0195
03-04-2026 13:00,1772629200,0.022,0.012,0.028,0.235,0.275,0.22,0.205,0.037,0.019
03-04-2026 14:00,1772632800,0.022,0.012,0.028,0.23,0.275,0.22,0.205,0.038,0.021
03-04-2026 15:00,1772636400,0.022,0.012,0.028,0.24,0.275,0.22,0.205,0.0375,0.0205
03-04-2026 16:00,1772640000,0.022,0.012,0.028,0.225,0.275,0.22,0.205,0.038,0.0205
03-04-2026 17:00,1772643600,0.022,0.012,0.028,0.245,0.275,0.22,0.205,0.038,0.0205
03-04-2026 18:00,1772647200,0.022,0.012,0.028,0.225,0.275,0.22,0.205,0.0375,0.0205
03-04-2026 19:00,1772650800,0.022,0.012,0.028,0.24,0.275,0.22,0.205,0.038,0.021
03-04-2026 20:00,1772654400,0.022,0.012,0.028,0.245,0.275,0.22,0.205,0.0375,0.021
03-04-2026 21:00,1772658000,0.022,0.012,0.028,0.235,0.275,0.22,0.205,0.0375,0.021
03-04-2026 22:00,1772661600,0.022,0.012,0.028,0.23,0.275,0.22,0.205,0.037,0.021
03-04-2026 23:00,1772665200,0.091,0.0925,0.111,0.26,0.23,0.225,0.2,0.131,0.099
03-05-2026 00:00,1772668800,0.091,0.1015,0.1235,0.26,0.215,0.165,0.24,0.122,0.099
03-05-2026 01:00,1772672400,0.091,0.105,0.1135,0.26,0.235,0.255,0.215,0.1335,0.1045
03-05-2026 02:00,1772676000,0.0885,0.0365,0.11,0.205,0.25,0.185,0.15,0.133,0.1805
03-05-2026 03:00,1772679600,0.088,0.0295,0.1115,0.185,0.24,0.18,0.15,0.1285,0.163
03-05-2026 04:00,1772683200,0.087,0.0295,0.1,0.19,0.235,0.155,0.14,0.128,0.148
03-05-2026 05:00,1772686800,0.088,0.03,0.101,0.17,0.23,0.18,0.14,0.124,0.1915
03-05-2026 06:00,1772690400,0.087,0.0295,0.1015,0.17,0.23,0.18,0.14,0.1235,0.1735
03-05-2026 07:00,1772694000,0.0875,0.0295,0.091,0.165,0.23,0.245,0.14,0.118,0.1935
03-05-2026 08:00,1772697600,0.087,0.0295,0.097,0.13,0.23,0.245,0.14,0.1185,0.171
03-05-2026 09:00,1772701200,0.0835,0.0295,0.09,0.17,0.23,0.245,0.125,0.112,0.156
03-05-2026 10:00,1772704800,0.0675,0.0295,0.0725,0.165,0.23,0.26,0.125,0.0845,0.0925
03-05-2026 11:00,1772708400,0.0675,0.0295,0.0575,0.155,0.23,0.255,0.125,0.0825,0.0695
03-05-2026 12:00,1772712000,0.0675,0.0295,0.0575,0.155,0.23,0.255,0.125,0.0825,0.1475
03-05-2026 13:00,1772715600,0.0675,0.0295,0.071,0.13,0.23,0.27,0.125,0.0955,0.0935
03-05-2026 14:00,1772719200,0.0675,0.0295,0.0725,0.14,0.23,0.275,0.125,0.109,0.0615
03-05-2026 15:00,1772722800,0.069,0.029,0.0945,0.155,0.23,0.245,0.125,0.107,0.1585
03-05-2026 16:00,1772726400,0.0765,0.0295,0.076,0.14,0.23,0.25,0.125,0.102,0.105
03-05-2026 17:00,1772730000,0.0715,0.0295,0.076,0.155,0.235,0.27,0.125,0.102,0.0895
03-05-2026 18:00,1772733600,0.0765,0.0295,0.0915,0.16,0.23,0.25,0.125,0.1035,0.0755
03-05-2026 19:00,1772737200,0.076,0.0295,0.0945,0.165,0.23,0.265,0.125,0.0995,0.082
03-05-2026 20:00,1772740800,0.073,0.0315,0.0945,0.155,0.23,0.255,0.125,0.0995,0.1465
03-05-2026 21:00,1772744400,0.0755,0.0315,0.135,0.155,0.23,0.24,0.125,0.094,0.173
03-05-2026 22:00,1772748000,0.0775,0.0295,0.1135,0.15,0.23,0.24,0.125,0.1075,0.131
03-05-2026 23:00,1772751600,0.072,0.0295,0.1255,0.145,0.23,0.255,0.125,0.1455,0.135
03-06-2026 00:00,1772755200,0.0885,0.0295,0.071,0.13,0.23,0.255,0.125,0.174,0.0635
03-06-2026 01:00,1772758800,0.0885,0.0295,0.0575,0.17,0.23,0.26,0.125,0.115,0.091
03-06-2026 02:00,1772762400,0.0885,0.0295,0.098,0.17,0.23,0.265,0.125,0.1255,0.0915
03-06-2026 03:00,1772766000,0.0885,0.0295,0.108,0.145,0.23,0.255,0.125,0.128,0.1175
03-06-2026 04:00,1772769600,0.0705,0.0295,0.114,0.18,0.23,0.245,0.12,0.1225,0.077
03-06-2026 05:00,1772773200,0.0875,0.0295,0.0985,0.14,0.23,0.28,0.12,0.1355,0.0595
03-06-2026 06:00,1772776800,0.0875,0.0295,0.091,0.12,0.25,0.245,0.12,0.0985,0.086
03-06-2026 07:00,1772780400,0.088,0.03,0.0765,0.105,0.25,0.255,0.12,0.128,0.052
03-06-2026 08:00,1772784000,0.088,0.03,0.0645,0.115,0.24,0.24,0.12,0.1725,0.0745
03-06-2026 09:00,1772787600,0.0875,0.03,0.0995,0.105,0.24,0.24,0.12,0.1195,0.0525
03-06-2026 10:00,1772791200,0.088,0.03,0.084,0.145,0.24,0.24,0.12,0.221,0.086
03-06-2026 11:00,1772794800,0.088,0.03,0.106,0.115,0.24,0.24,0.12,0.2025,0.136
03-06-2026 12:00,1772798400,0.115,0.03,0.095,0.11,0.24,0.24,0.14,0.189,0.118
03-06-2026 13:00,1772802000,0.115,0.03,0.095,0.13,0.24,0.24,0.14,0.1845,0.136
03-06-2026 14:00,1772805600,0.1145,0.03,0.1095,0.125,0.24,0.24,0.15,0.1835,0.123
03-06-2026 15:00,1772809200,0.114,0.03,0.1095,0.135,0.24,0.18,0.15,0.234,0.1435
03-06-2026 16:00,1772812800,0.1145,0.03,0.0815,0.11,0.24,0.2,0.15,0.1805,0.18
03-06-2026 17:00,1772816400,0.0945,0.03,0.058,0.11,0.24,0.185,0.155,0.1585,0.159
03-06-2026 18:00,1772820000,0.094,0.03,0.0545,0.105,0.24,0.175,0.15,0.1445,0.196
03-06-2026 19:00,1772823600,0.0945,0.03,0.047,0.12,0.24,0.19,0.155,0.1305,0.176
03-06-2026 20:00,1772827200,0.095,0.028,0.0815,0.125,0.24,0.19,0.155,0.158,0.156
03-06-2026 21:00,1772830800,0.095,0.028,0.081,0.14,0.24,0.195,0.155,0.176,0.1665
03-06-2026 22:00,1772834400,0.095,0.028,0.064,0.135,0.24,0.195,0.155,0.182,0.15
03-06-2026 23:00,1772838000,0.095,0.028,0.081,0.14,0.24,0.195,0.155,0.1745,0.188
03-07-2026 00:00,1772841600,0.0945,0.028,0.0635,0.125,0.24,0.195,0.165,0.168,0.166
03-07-2026 01:00,1772845200,0.095,0.028,0.0535,0.12,0.24,0.195,0.17,0.1595,0.1465
03-07-2026 02:00,1772848800,0.0945,0.028,0.0595,0.12,0.24,0.19,0.175,0.152,0.125
03-07-2026 03:00,1772852400,0.094,0.028,0.0555,0.115,0.24,0.195,0.175,0.1525,0.098
03-07-2026 04:00,1772856000,0.0935,0.0275,0.0705,0.14,0.235,0.185,0.175,0.1525,0.1705
03-07-2026 05:00,1772859600,0.093,0.0275,0.067,0.135,0.235,0.185,0.175,0.1525,0.146
03-07-2026 06:00,1772863200,0.0935,0.0275,0.0825,0.14,0.235,0.18,0.17,0.151,0.0975
03-07-2026 07:00,1772866800,0.0935,0.0275,0.081,0.115,0.235,0.18,0.17,0.1515,0.147
03-07-2026 08:00,1772870400,0.0935,0.0275,0.0825,0.105,0.235,0.18,0.245,0.1515,0.1255
03-07-2026 09:00,1772874000,0.0935,0.0275,0.0725,0.105,0.235,0.18,0.245,0.151,0.1145
03-07-2026 10:00,1772877600,0.0935,0.0275,0.0675,0.12,0.235,0.18,0.245,0.1495,0.107
03-07-2026 11:00,1772881200,0.0935,0.0275,0.052,0.095,0.235,0.185,0.215,0.166,0.107
03-07-2026 12:00,1772884800,0.0935,0.0275,0.052,0.09,0.235,0.185,0.215,0.176,0.099
03-07-2026 13:00,1772888400,0.0935,0.0275,0.0515,0.09,0.235,0.185,0.24,0.175,0.1725
03-07-2026 14:00,1772892000,0.0935,0.0275,0.087,0.12,0.235,0.18,0.26,0.151,0.159
03-07-2026 15:00,1772895600,0.0935,0.0275,0.0575,0.09,0.235,0.185,0.215,0.1735,0.098
03-07-2026 16:00,1772899200,0.0935,0.0275,0.0525,0.095,0.235,0.19,0.29,0.1585,0.09
03-07-2026 17:00,1772902800,0.0935,0.0275,0.0525,0.09,0.235,0.195,0.29,0.1675,0.068
03-07-2026 18:00,1772906400,0.093,0.0275,0.0525,0.095,0.235,0.195,0.25,0.1625,0.095
03-07-2026 19:00,1772910000,0.0935,0.0275,0.0725,0.1,0.235,0.195,0.245,0.1515,0.071
03-07-2026 20:00,1772913600,0.0935,0.0275,0.0815,0.095,0.18,0.195,0.25,0.15,0.055
03-07-2026 21:00,1772917200,0.0895,0.028,0.082,0.1,0.18,0.195,0.25,0.151,0.112
03-07-2026 22:00,1772920800,0.0865,0.028,0.086,0.105,0.18,0.195,0.25,0.151,0.0935
03-07-2026 23:00,1772924400,0.0865,0.028,0.086,0.1,0.18,0.195,0.28,0.1475,0.072
03-08-2026 00:00,1772928000,0.085,0.018,0.042,0.105,0.18,0.195,0.28,0.1495,0.192
03-08-2026 01:00,1772931600,0.042,0.018,0.042,0.1,0.18,0.195,0.27,0.151,0.129
03-08-2026 02:00,1772935200,0.033,0.018,0.042,0.1,0.185,0.2,0.245,0.1515,0.092
03-08-2026 03:00,1772938800,0.033,0.018,0.041,0.095,0.185,0.2,0.255,0.149,0.0705
03-08-2026 04:00,1772942400,0.033,0.0175,0.0415,0.1,0.175,0.195,0.265,0.15,0.099
03-08-2026 05:00,1772946000,0.033,0.0175,0.041,0.1,0.175,0.195,0.245,0.1505,0.0965
03-08-2026 06:00,1772949600,0.033,0.0175,0.0415,0.095,0.175,0.2,0.255,0.1645,0.08
03-08-2026 07:00,1772953200,0.033,0.0175,0.0415,0.095,0.175,0.195,0.245,0.15,0.058
03-08-2026 08:00,1772956800,0.033,0.0175,0.041,0.095,0.175,0.195,0.235,0.15,0.0975
03-08-2026 09:00,1772960400,0.033,0.0175,0.0415,0.095,0.175,0.195,0.24,0.151,0.081
03-08-2026 10:00,1772964000,0.033,0.0175,0.042,0.1,0.175,0.195,0.25,0.144,0.0595
03-08-2026 11:00,1772967600,0.033,0.0175,0.0415,0.095,0.175,0.2,0.245,0.15,0.088
03-08-2026 12:00,1772971200,0.033,0.0175,0.0415,0.105,0.175,0.2,0.275,0.15,0.146
03-08-2026 13:00,1772974800,0.033,0.0175,0.0415,0.105,0.175,0.2,0.245,0.149,0.095
03-08-2026 14:00,1772978400,0.033,0.0175,0.042,0.115,0.175,0.2,0.255,0.15,0.099
03-08-2026 15:00,1772982000,0.033,0.0175,0.041,0.11,0.175,0.2,0.255,0.149,0.113
03-08-2026 16:00,1772985600,0.033,0.0175,0.0405,0.11,0.175,0.2,0.255,0.1485,0.0905
03-08-2026 17:00,1772989200,0.033,0.0175,0.0405,0.11,0.175,0.2,0.255,0.144,0.072
03-08-2026 18:00,1772992800,0.033,0.0175,0.04,0.11,0.175,0.2,0.245,0.137,0.156
03-08-2026 19:00,1772996400,0.033,0.0175,0.041,0.11,0.175,0.2,0.29,0.165,0.1075
03-08-2026 20:00,1773000000,0.033,0.0175,0.0405,0.11,0.175,0.2,0.23,0.2165,0.146
03-08-2026 21:00,1773003600,0.033,0.0175,0.041,0.135,0.165,0.2,0.23,0.226,0.098
03-08-2026 22:00,1773007200,0.033,0.0175,0.0405,0.135,0.165,0.2,0.235,0.2145,0.0795
03-08-2026 23:00,1773010800,0.033,0.0175,0.0405,0.135,0.165,0.2,0.245,0.221,0.1455
03-09-2026 00:00,1773014400,0.033,0.0175,0.0405,0.135,0.165,0.2,0.23,0.2125,0.09
03-09-2026 01:00,1773018000,0.032,0.0175,0.0405,0.115,0.165,0.2,0.27,0.215,0.07
03-09-2026 02:00,1773021600,0.032,0.0175,0.04,0.115,0.165,0.2,0.275,0.1595,0.0885
03-09-2026 03:00,1773025200,0.032,0.0175,0.04,0.115,0.185,0.225,0.225,0.1755,0.094
03-09-2026 04:00,1773028800,0.032,0.0175,0.0405,0.155,0.145,0.205,0.235,0.172,0.0875
03-09-2026 05:00,1773032400,0.032,0.0175,0.0405,0.105,0.145,0.22,0.205,0.1495,0.07
03-09-2026 06:00,1773036000,0.032,0.0175,0.0395,0.11,0.145,0.215,0.215,0.143,0.069
03-09-2026 07:00,1773039600,0.032,0.0175,0.04,0.11,0.145,0.21,0.225,0.1385,0.0715
03-09-2026 08:00,1773043200,0.032,0.0175,0.04,0.11,0.145,0.205,0.22,0.142,0.073
03-09-2026 09:00,1773046800,0.032,0.0175,0.04,0.145,0.145,0.205,0.24,0.1435,0.0765
03-09-2026 10:00,1773050400,0.032,0.0175,0.0405,0.135,0.145,0.205,0.235,0.1695,0.082
03-09-2026 11:00,1773054000,0.032,0.0175,0.04,0.13,0.145,0.205,0.225,0.169,0.075
03-09-2026 12:00,1773057600,0.032,0.0175,0.0405,0.125,0.145,0.205,0.245,0.174,0.073
03-09-2026 13:00,1773061200,0.032,0.0175,0.0405,0.125,0.145,0.22,0.25,0.168,0.0735
03-09-2026 14:00,1773064800,0.032,0.0175,0.04,0.11,0.145,0.205,0.235,0.165,0.0585
03-09-2026 15:00,1773068400,0.032,0.0175,0.04,0.11,0.145,0.22,0.265,0.183,0.0885
03-09-2026 16:00,1773072000,0.032,0.0175,0.04,0.095,0.145,0.24,0.225,0.171,0.0805
03-09-2026 17:00,1773075600,0.0325,0.017,0.04,0.1,0.125,0.22,0.26,0.1895,0.095
03-09-2026 18:00,1773079200,0.0325,0.017,0.0405,0.1,0.12,0.225,0.27,0.1725,0.0835
03-09-2026 19:00,1773082800,0.032,0.016,0.039,0.11,0.125,0.24,0.23,0.1725,0.088
03-09-2026 20:00,1773086400,0.032,0.016,0.039,0.105,0.125,0.22,0.235,0.159,0.1425
03-09-2026 21:00,1773090000,0.032,0.016,0.0385,0.11,0.125,0.22,0.25,0.1575,0.0875
03-09-2026 22:00,1773093600,0.032,0.016,0.039,0.11,0.125,0.205,0.26,0.1605,0.0865
03-09-2026 23:00,1773097200,0.032,0.016,0.039,0.11,0.125,0.22,0.255,0.136,0.088
03-10-2026 00:00,1773100800,0.032,0.016,0.038,0.095,0.125,0.235,0.26,0.166,0.137
03-10-2026 01:00,1773104400,0.032,0.016,0.0385,0.1,0.125,0.215,0.23,0.1315,0.0885
03-10-2026 02:00,1773108000,0.032,0.016,0.0375,0.1,0.125,0.205,0.24,0.1895,0.134
03-10-2026 03:00,1773111600,0.032,0.016,0.04,0.1,0.125,0.225,0.23,0.189,0.1775
03-10-2026 04:00,1773115200,0.032,0.016,0.0395,0.12,0.125,0.22,0.24,0.229,0.1665
03-10-2026 05:00,1773118800,0.032,0.016,0.0395,0.095,0.125,0.225,0.245,0.2085,0.188
03-10-2026 06:00,1773122400,0.032,0.016,0.0385,0.09,0.125,0.22,0.23,0.204,0.222
03-10-2026 07:00,1773126000,0.0315,0.0155,0.039,0.09,0.125,0.22,0.23,0.217,0.235
03-10-2026 08:00,1773129600,0.0315,0.0155,0.0395,0.095,0.125,0.225,0.24,0.2455,0.238
03-10-2026 09:00,1773133200,0.0315,0.0155,0.0395,0.09,0.125,0.22,0.24,0.239,0.232
03-10-2026 10:00,1773136800,0.0315,0.0155,0.0375,0.09,0.125,0.22,0.23,0.234,0.1635
03-10-2026 11:00,1773140400,0.0315,0.0155,0.0375,0.09,0.125,0.21,0.235,0.233,0.1635
03-10-2026 12:00,1773144000,0.0315,0.0155,0.039,0.1,0.125,0.215,0.235,0.227,0.1445
03-10-2026 13:00,1773147600,0.0315,0.0155,0.0385,0.095,0.125,0.215,0.22,0.2235,0.147
03-10-2026 14:00,1773151200,0.0315,0.0155,0.038,0.095,0.125,0.215,0.23,0.1895,0.1305
03-10-2026 15:00,1773154800,0.0315,0.0155,0.039,0.09,0.125,0.22,0.235,0.2435,0.122
03-10-2026 16:00,1773158400,0.0315,0.0155,0.0385,0.09,0.125,0.21,0.225,0.272,0.1355
03-10-2026 17:00,1773162000,0.0315,0.0155,0.0385,0.095,0.125,0.225,0.22,0.296,0.139
03-10-2026 18:00,1773165600,0.0315,0.0155,0.0385,0.095,0.125,0.225,0.235,0.289,0.1335
03-10-2026 19:00,1773169200,0.0315,0.0155,0.0385,0.095,0.125,0.245,0.23,0.2745,0.1395
03-10-2026 20:00,1773172800,0.0315,0.0155,0.038,0.095,0.125,0.23,0.23,0.258,0.165
03-10-2026 21:00,1773176400,0.031,0.0145,0.0385,0.1,0.145,0.215,0.26,0.263,0.1035
03-10-2026 22:00,1773180000,0.031,0.0145,0.0375,0.11,0.115,0.215,0.315,0.292,0.0865
03-10-2026 23:00,1773183600,0.031,0.011,0.037,0.115,0.115,0.17,0.23,0.2025,0.07
03-11-2026 00:00,1773187200,0.031,0.011,0.038,0.115,0.13,0.17,0.23,0.2425,0.0925
03-11-2026 01:00,1773190800,0.0305,0.011,0.038,0.115,0.13,0.17,0.23,0.2715,0.092
03-11-2026 02:00,1773194400,0.0305,0.011,0.038,0.11,0.165,0.17,0.235,0.3465,0.114
03-11-2026 03:00,1773198000,0.0305,0.011,0.038,0.115,0.15,0.17,0.24,0.322,0.1375
03-11-2026 04:00,1773201600,0.0315,0.012,0.0385,0.125,0.165,0.165,0.255,0.317,0.1265
03-11-2026 05:00,1773205200,0.031,0.012,0.039,0.12,0.14,0.165,0.27,0.2495,0.131
03-11-2026 06:00,1773208800,0.031,0.012,0.039,0.105,0.12,0.165,0.265,0.2455,0.1315
03-11-2026 07:00,1773212400,0.031,0.012,0.039,0.115,0.12,0.165,0.265,0.239,0.1325
03-11-2026 08:00,1773216000,0.0315,0.012,0.039,0.12,0.125,0.14,0.27,0.2355,0.133
03-11-2026 09:00,1773219600,0.0315,0.012,0.0385,0.12,0.12,0.14,0.27,0.228,0.133
03-11-2026 10:00,1773223200,0.0315,0.012,0.038,0.13,0.11,0.15,0.27,0.1545,0.1655
03-11-2026 11:00,1773226800,0.031,0.012,0.039,0.095,0.115,0.155,0.27,0.151,0.1655
03-11-2026 12:00,1773230400,0.0305,0.012,0.039,0.095,0.115,0.155,0.27,0.151,0.163
03-11-2026 13:00,1773234000,0.0305,0.012,0.0385,0.085,0.115,0.155,0.27,0.1495,0.171
03-11-2026 14:00,1773237600,0.0305,0.0125,0.0385,0.085,0.11,0.155,0.27,0.1985,0.1795
03-11-2026 15:00,1773241200,0.0305,0.012,0.0385,0.07,0.11,0.16,0.27,0.1985,0.1265
03-11-2026 16:00,1773244800,0.031,0.0125,0.039,0.07,0.11,0.165,0.275,0.1985,0.172
03-11-2026 17:00,1773248400,0.0305,0.0125,0.039,0.06,0.11,0.16,0.275,0.1985,0.1405
03-11-2026 18:00,1773252000,0.0305,0.0125,0.039,0.06,0.11,0.16,0.28,0.1955,0.134
03-11-2026 19:00,1773255600,0.032,0.0125,0.04,0.06,0.11,0.16,0.3,0.1955,0.129
03-11-2026 20:00,1773259200,0.031,0.012,0.04,0.06,0.11,0.165,0.28,0.199,0.1815
03-11-2026 21:00,1773262800,0.031,0.012,0.04,0.06,0.11,0.17,0.295,0.1875,0.193
03-11-2026 22:00,1773266400,0.031,0.012,0.04,0.06,0.105,0.17,0.315,0.1875,0.144
03-11-2026 23:00,1773270000,0.0315,0.012,0.0405,0.055,0.115,0.175,0.305,0.193,0.173
03-12-2026 00:00,1773273600,0.031,0.012,0.04,0.055,0.115,0.175,0.305,0.192,0.179
03-12-2026 01:00,1773277200,0.037,0.012,0.0395,0.055,0.11,0.175,0.305,0.192,0.1455
03-12-2026 02:00,1773280800,0.037,0.012,0.04,0.055,0.11,0.175,0.31,0.192,0.149
03-12-2026 03:00,1773284400,0.037,0.012,0.04,0.055,0.115,0.175,0.315,0.192,0.154
03-12-2026 04:00,1773288000,0.037,0.0125,0.04,0.055,0.095,0.17,0.305,0.1915,0.138
03-12-2026 05:00,1773291600,0.037,0.012,0.04,0.055,0.115,0.175,0.31,0.201,0.142
03-12-2026 06:00,1773295200,0.037,0.0125,0.04,0.055,0.095,0.17,0.31,0.1915,0.1395
03-12-2026 07:00,1773298800,0.0375,0.012,0.041,0.055,0.11,0.2,0.315,0.1915,0.14
03-12-2026 08:00,1773302400,0.0375,0.012,0.0405,0.055,0.1,0.2,0.315,0.192,0.148
03-12-2026 09:00,1773306000,0.0375,0.012,0.0415,0.055,0.11,0.2,0.31,0.191,0.145
03-12-2026 10:00,1773309600,0.0375,0.012,0.0415,0.036,0.12,0.2,0.31,0.191,0.1465
03-12-2026 11:00,1773313200,0.0375,0.012,0.0425,0.036,0.1,0.2,0.31,0.1835,0.1435
03-12-2026 12:00,1773316800,0.0375,0.0125,0.0425,0.0355,0.1,0.2,0.31,0.1835,0.147
03-12-2026 13:00,1773320400,0.0375,0.012,0.0425,0.02,0.11,0.24,0.31,0.1845,0.1475
03-12-2026 14:00,1773324000,0.0375,0.0115,0.0405,0.0195,0.11,0.24,0.31,0.1825,0.15
03-12-2026 15:00,1773327600,0.0375,0.0115,0.0405,0.0195,0.115,0.235,0.305,0.1825,0.145
03-12-2026 16:00,1773331200,0.0375,0.0115,0.0405,0.0195,0.115,0.22,0.315,0.182,0.1475
03-12-2026 17:00,1773334800,0.0375,0.012,0.0405,0.0195,0.115,0.22,0.315,0.182,0.1475
03-12-2026 18:00,1773338400,0.0375,0.0155,0.0405,0.0185,0.095,0.22,0.315,0.182,0.185
03-12-2026 19:00,1773342000,0.0375,0.0155,0.0425,0.022,0.12,0.23,0.315,0.177,0.137
03-12-2026 20:00,1773345600,0.03,0.0115,0.0425,0.0185,0.12,0.27,0.32,0.1755,0.1935
03-12-2026 21:00,1773349200,0.0305,0.0115,0.0425,0.0185,0.14,0.26,0.315,0.1695,0.176
03-12-2026 22:00,1773352800,0.0305,0.0115,0.0435,0.018,0.135,0.27,0.3,0.1275,0.1475
03-12-2026 23:00,1773356400,0.03,0.0115,0.043,0.018,0.14,0.27,0.275,0.127,0.1525
03-13-2026 00:00,1773360000,0.03,0.012,0.043,0.018,0.14,0.27,0.275,0.127,0.1345
03-13-2026 01:00,1773363600,0.03,0.0115,0.043,0.018,0.135,0.28,0.275,0.135,0.1185
03-13-2026 02:00,1773367200,0.03,0.0115,0.043,0.018,0.135,0.32,0.275,0.142,0.1325
03-13-2026 03:00,1773370800,0.03,0.0115,0.043,0.018,0.135,0.33,0.275,0.128,0.158
03-13-2026 04:00,1773374400,0.032,0.012,0.043,0.018,0.145,0.33,0.275,0.121,0.143
03-13-2026 05:00,1773378000,0.0315,0.0125,0.043,0.018,0.145,0.32,0.275,0.141,0.1725
03-13-2026 06:00,1773381600,0.0315,0.012,0.043,0.018,0.145,0.3,0.275,0.145,0.1745
03-13-2026 07:00,1773385200,0.031,0.012,0.043,0.018,0.14,0.275,0.275,0.1475,0.1655
03-13-2026 08:00,1773388800,0.031,0.012,0.043,0.018,0.14,0.275,0.275,0.1465,0.17
03-13-2026 09:00,1773392400,0.031,0.012,0.043,0.018,0.14,0.28,0.275,0.1455,0.17
03-13-2026 10:00,1773396000,0.031,0.012,0.043,0.018,0.135,0.27,0.275,0.1465,0.1865
03-13-2026 11:00,1773399600,0.0305,0.012,0.0395,0.017,0.135,0.265,0.27,0.147,0.1085
03-13-2026 12:00,1773403200,0.031,0.012,0.0405,0.017,0.135,0.27,0.275,0.146,0.105
03-13-2026 13:00,1773406800,0.031,0.012,0.0405,0.017,0.135,0.27,0.275,0.146,0.141
03-13-2026 14:00,1773410400,0.0305,0.012,0.041,0.0165,0.135,0.27,0.275,0.146,0.1295
03-13-2026 15:00,1773414000,0.032,0.012,0.0425,0.016,0.135,0.27,0.275,0.146,0.1115
03-13-2026 16:00,1773417600,0.0315,0.016,0.0425,0.0185,0.135,0.27,0.275,0.146,0.1195
03-13-2026 17:00,1773421200,0.031,0.0205,0.043,0.018,0.145,0.255,0.27,0.1385,0.13
03-13-2026 18:00,1773424800,0.037,0.0205,0.0445,0.0175,0.14,0.24,0.27,0.1255,0.13
03-13-2026 19:00,1773428400,0.0305,0.0165,0.0445,0.0175,0.135,0.27,0.27,0.1255,0.1485
03-13-2026 20:00,1773432000,0.031,0.0165,0.041,0.0175,0.14,0.25,0.27,0.1255,0.135
03-13-2026 21:00,1773435600,0.037,0.0395,0.0445,0.0175,0.14,0.255,0.27,0.1255,0.136
03-13-2026 22:00,1773439200,0.0315,0.0305,0.0445,0.0175,0.135,0.27,0.275,0.1255,0.1595
03-13-2026 23:00,1773442800,0.0315,0.0305,0.0455,0.017,0.135,0.27,0.275,0.1255,0.1565
03-14-2026 00:00,1773446400,0.031,0.0305,0.046,0.0165,0.135,0.27,0.275,0.1255,0.113
03-14-2026 01:00,1773450000,0.0315,0.0305,0.0405,0.0135,0.135,0.27,0.275,0.1255,0.11
03-14-2026 02:00,1773453600,0.0315,0.0305,0.0405,0.0135,0.135,0.27,0.27,0.159,0.1075
03-14-2026 03:00,1773457200,0.0315,0.0305,0.0405,0.0135,0.135,0.27,0.275,0.1625,0.1165
03-14-2026 04:00,1773460800,0.032,0.0305,0.04,0.0145,0.135,0.27,0.275,0.161,0.116
03-14-2026 05:00,1773464400,0.0315,0.0305,0.04,0.0145,0.13,0.27,0.275,0.164,0.109
03-14-2026 06:00,1773468000,0.0315,0.0305,0.04,0.0145,0.13,0.27,0.275,0.1635,0.109
03-14-2026 07:00,1773471600,0.0315,0.0305,0.04,0.0145,0.13,0.27,0.275,0.1635,0.1085
03-14-2026 08:00,1773475200,0.032,0.0305,0.04,0.0145,0.135,0.27,0.275,0.149,0.139
03-14-2026 09:00,1773478800,0.032,0.0305,0.04,0.0145,0.135,0.3,0.275,0.152,0.1295
03-14-2026 10:00,1773482400,0.032,0.0375,0.04,0.0145,0.135,0.3,0.265,0.132,0.147
03-14-2026 11:00,1773486000,0.031,0.0375,0.04,0.014,0.13,0.305,0.255,0.1315,0.156
03-14-2026 12:00,1773489600,0.0315,0.0375,0.04,0.014,0.13,0.305,0.26,0.131,0.1675
03-14-2026 13:00,1773493200,0.032,0.0375,0.04,0.014,0.13,0.31,0.255,0.1325,0.1565
03-14-2026 14:00,1773496800,0.032,0.0375,0.039,0.0135,0.135,0.34,0.26,0.175,0.162
03-14-2026 15:00,1773500400,0.032,0.0375,0.04,0.0115,0.135,0.33,0.255,0.175,0.163
03-14-2026 16:00,1773504000,0.0315,0.0375,0.04,0.0115,0.13,0.33,0.255,0.194,0.158
03-14-2026 17:00,1773507600,0.0315,0.0375,0.04,0.0115,0.13,0.335,0.255,0.193,0.158
03-14-2026 18:00,1773511200,0.0315,0.0305,0.04,0.0115,0.13,0.325,0.255,0.1895,0.159
03-14-2026 19:00,1773514800,0.0315,0.0325,0.04,0.0085,0.135,0.325,0.26,0.1905,0.1475
03-14-2026 20:00,1773518400,0.0315,0.034,0.04,0.008,0.13,0.315,0.255,0.1895,0.119
03-14-2026 21:00,1773522000,0.0315,0.0315,0.039,0.008,0.125,0.32,0.255,0.1905,0.158
03-14-2026 22:00,1773525600,0.031,0.0265,0.04,0.0075,0.12,0.32,0.255,0.1905,0.159
03-14-2026 23:00,1773529200,0.032,0.029,0.0395,0.008,0.12,0.32,0.255,0.1895,0.1375
03-15-2026 00:00,1773532800,0.0315,0.033,0.0395,0.0075,0.12,0.315,0.255,0.19,0.1375
03-15-2026 01:00,1773536400,0.032,0.033,0.0395,0.0075,0.12,0.3,0.26,0.191,0.158
03-15-2026 02:00,1773540000,0.0315,0.033,0.0395,0.0075,0.12,0.29,0.255,0.189,0.153
03-15-2026 03:00,1773543600,0.0315,0.0265,0.0395,0.0075,0.12,0.315,0.255,0.183,0.143
03-15-2026 04:00,1773547200,0.0325,0.0325,0.0395,0.0075,0.12,0.315,0.255,0.1865,0.099
03-15-2026 05:00,1773550800,0.0325,0.0335,0.0395,0.0075,0.12,0.315,0.255,0.211,0.164
03-15-2026 06:00,1773554400,0.0325,0.0335,0.0395,0.0075,0.12,0.31,0.255,0.2075,0.1625
03-15-2026 07:00,1773558000,0.032,0.0335,0.0395,0.0075,0.12,0.305,0.255,0.2125,0.162
03-15-2026 08:00,1773561600,0.032,0.0285,0.0395,0.0075,0.12,0.305,0.255,0.215,0.162
03-15-2026 09:00,1773565200,0.0325,0.0315,0.0395,0.0075,0.12,0.29,0.255,0.2125,0.147
03-15-2026 10:00,1773568800,0.0325,0.033,0.0395,0.007,0.12,0.29,0.255,0.209,0.118
03-15-2026 11:00,1773572400,0.032,0.0275,0.0395,0.007,0.12,0.29,0.255,0.2135,0.1455
03-15-2026 12:00,1773576000,0.032,0.0335,0.0395,0.0065,0.12,0.29,0.255,0.2115,0.117
03-15-2026 13:00,1773579600,0.0315,0.0335,0.0395,0.0065,0.12,0.285,0.26,0.129,0.1005
03-15-2026 14:00,1773583200,0.0315,0.0335,0.0395,0.0065,0.12,0.285,0.26,0.1295,0.107
03-15-2026 15:00,1773586800,0.031,0.0335,0.0395,0.0065,0.12,0.285,0.255,0.13,0.107
03-15-2026 16:00,1773590400,0.031,0.0335,0.0395,0.0075,0.12,0.28,0.255,0.1315,0.102
03-15-2026 17:00,1773594000,0.031,0.0335,0.039,0.0065,0.12,0.285,0.255,0.128,0.099
03-15-2026 18:00,1773597600,0.0315,0.0335,0.039,0.0065,0.12,0.285,0.255,0.124,0.0995
03-15-2026 19:00,1773601200,0.031,0.0335,0.039,0.0065,0.12,0.27,0.255,0.125,0.101
03-15-2026 20:00,1773604800,0.0315,0.0335,0.039,0.062,0.12,0.265,0.265,0.1405,0.113
03-15-2026 21:00,1773608400,0.0315,0.034,0.039,0.064,0.12,0.27,0.255,0.174,0.1185
03-15-2026 22:00,1773612000,0.031,0.029,0.039,0.0665,0.12,0.28,0.255,0.1705,0.1135
03-15-2026 23:00,1773615600,0.031,0.0305,0.039,0.0665,0.12,0.29,0.255,0.162,0.1155
03-16-2026 00:00,1773619200,0.031,0.0305,0.0385,0.0665,0.12,0.285,0.255,0.208,0.1155
03-16-2026 01:00,1773622800,0.031,0.0305,0.0385,0.0665,0.12,0.285,0.25,0.128,0.129
03-16-2026 02:00,1773626400,0.0315,0.0305,0.039,0.067,0.12,0.28,0.255,0.23,0.13
03-16-2026 03:00,1773630000,0.0315,0.0305,0.039,0.0705,0.12,0.285,0.25,0.207,0.129
03-16-2026 04:00,1773633600,0.0325,0.0305,0.039,0.074,0.12,0.285,0.255,0.2075,0.1895
03-16-2026 05:00,1773637200,0.0315,0.0305,0.0385,0.08,0.12,0.28,0.26,0.1295,0.126
03-16-2026 06:00,1773640800,0.0315,0.0305,0.0385,0.074,0.12,0.28,0.255,0.129,0.1195
03-16-2026 07:00,1773644400,0.0315,0.0305,0.0385,0.074,0.155,0.28,0.26,0.119,0.115
03-16-2026 08:00,1773648000,0.0325,0.0305,0.039,0.0775,0.16,0.285,0.265,0.134,0.1145
03-16-2026 09:00,1773651600,0.0325,0.03,0.039,0.079,0.145,0.27,0.265,0.1365,0.1285
03-16-2026 10:00,1773655200,0.0315,0.0275,0.039,0.081,0.155,0.26,0.265,0.136,0.15
03-16-2026 11:00,1773658800,0.0315,0.0275,0.039,0.063,0.16,0.285,0.265,0.14,0.165
03-16-2026 12:00,1773662400,0.031,0.0275,0.0395,0.0615,0.155,0.285,0.255,0.1295,0.124
03-16-2026 13:00,1773666000,0.031,0.028,0.0395,0.0615,0.135,0.265,0.26,0.1355,0.104
03-16-2026 14:00,1773669600,0.0315,0.0275,0.0395,0.0635,0.135,0.29,0.25,0.1155,0.135
03-16-2026 15:00,1773673200,0.0375,0.0395,0.0395,0.0705,0.165,0.26,0.23,0.1395,0.1
03-16-2026 16:00,1773676800,0.029,0.0395,0.036,0.083,0.115,0.255,0.23,0.155,0.1005
03-16-2026 17:00,1773680400,0.038,0.0295,0.0355,0.081,0.11,0.26,0.24,0.155,0.1005
03-16-2026 18:00,1773684000,0.031,0.03,0.0395,0.076,0.12,0.26,0.25,0.1445,0.0865
03-16-2026 19:00,1773687600,0.032,0.03,0.039,0.058,0.155,0.29,0.26,0.165,0.083
03-16-2026 20:00,1773691200,0.0315,0.03,0.039,0.063,0.14,0.29,0.26,0.113,0.0685
03-16-2026 21:00,1773694800,0.032,0.03,0.039,0.064,0.155,0.29,0.255,0.13,0.0685
03-16-2026 22:00,1773698400,0.038,0.03,0.039,0.071,0.18,0.26,0.25,0.1375,0.102
03-16-2026 23:00,1773702000,0.031,0.0395,0.0445,0.066,0.17,0.26,0.25,0.1385,0.1015
03-17-2026 00:00,1773705600,0.031,0.03,0.0445,0.0575,0.15,0.265,0.25,0.14,0.086
03-17-2026 01:00,1773709200,0.029,0.0345,0.0445,0.0705,0.12,0.275,0.24,0.1335,0.0835
03-17-2026 02:00,1773712800,0.0315,0.03,0.044,0.066,0.13,0.27,0.24,0.15,0.0955
03-17-2026 03:00,1773716400,0.037,0.0255,0.0415,0.075,0.175,0.265,0.235,0.1295,0.09
03-17-2026 04:00,1773720000,0.0315,0.0155,0.0355,0.0525,0.155,0.285,0.25,0.1125,0.0595
03-17-2026 05:00,1773723600,0.032,0.03,0.048,0.043,0.185,0.255,0.24,0.16,0.0685
03-17-2026 06:00,1773727200,0.0325,0.03,0.035,0.048,0.18,0.28,0.255,0.1475,0.0835
03-17-2026 07:00,1773730800,0.032,0.03,0.035,0.048,0.175,0.28,0.255,0.1475,0.083
03-17-2026 08:00,1773734400,0.0325,0.03,0.0355,0.048,0.18,0.28,0.255,0.1475,0.084
03-17-2026 09:00,1773738000,0.0315,0.03,0.035,0.0475,0.175,0.28,0.255,0.1485,0.0845
03-17-2026 10:00,1773741600,0.032,0.03,0.0355,0.048,0.175,0.28,0.255,0.1485,0.083
03-17-2026 11:00,1773745200,0.0315,0.0305,0.035,0.0475,0.175,0.285,0.255,0.1485,0.074
03-17-2026 12:00,1773748800,0.032,0.0305,0.0355,0.048,0.175,0.285,0.255,0.1485,0.096
03-17-2026 13:00,1773752400,0.037,0.0115,0.0425,0.048,0.2,0.255,0.235,0.1425,0.1115
03-17-2026 14:00,1773756000,0.032,0.027,0.0395,0.067,0.185,0.29,0.255,0.1415,0.1025
03-17-2026 15:00,1773759600,0.0325,0.027,0.04,0.0685,0.175,0.29,0.255,0.14,0.1055
03-17-2026 16:00,1773763200,0.0325,0.027,0.04,0.0985,0.16,0.29,0.255,0.1425,0.1055
03-17-2026 17:00,1773766800,0.033,0.027,0.04,0.075,0.19,0.295,0.265,0.1295,0.1055
03-17-2026 18:00,1773770400,0.0325,0.027,0.04,0.0965,0.195,0.29,0.265,0.126,0.1055
03-17-2026 19:00,1773774000,0.0385,0.0365,0.04,0.077,0.175,0.245,0.22,0.151,0.088
03-17-2026 20:00,1773777600,0.033,0.027,0.0375,0.0745,0.145,0.24,0.23,0.131,0.101
03-17-2026 21:00,1773781200,0.032,0.027,0.04,0.1115,0.155,0.27,0.26,0.1505,0.0685
03-17-2026 22:00,1773784800,0.032,0.027,0.04,0.104,0.155,0.285,0.26,0.1405,0.071
03-17-2026 23:00,1773788400,0.0315,0.016,0.04,0.104,0.155,0.265,0.265,0.1375,0.074
03-18-2026 00:00,1773792000,0.0315,0.016,0.04,0.114,0.155,0.29,0.265,0.1375,0.074
03-18-2026 01:00,1773795600,0.0235,0.0085,0.0315,0.064,0.155,0.29,0.265,0.152,0.0735
03-18-2026 02:00,1773799200,0.0235,0.0085,0.0315,0.064,0.155,0.285,0.265,0.142,0.073
03-18-2026 03:00,1773802800,0.0235,0.0085,0.0315,0.064,0.155,0.29,0.265,0.1365,0.0845
03-18-2026 04:00,1773806400,0.0235,0.0085,0.032,0.062,0.15,0.275,0.265,0.137,0.0835
03-18-2026 05:00,1773810000,0.0235,0.0085,0.032,0.062,0.15,0.29,0.265,0.137,0.085
03-18-2026 06:00,1773813600,0.0235,0.0085,0.032,0.062,0.15,0.29,0.265,0.1365,0.086
03-18-2026 07:00,1773817200,0.0235,0.0085,0.032,0.062,0.15,0.29,0.265,0.137,0.0895
03-18-2026 08:00,1773820800,0.0235,0.0085,0.032,0.062,0.15,0.29,0.265,0.1365,0.0995
03-18-2026 09:00,1773824400,0.0235,0.0085,0.032,0.062,0.15,0.29,0.265,0.137,0.0995
03-18-2026 10:00,1773828000,0.0235,0.0085,0.032,0.062,0.15,0.29,0.265,0.1365,0.0995
03-18-2026 11:00,1773831600,0.0235,0.0085,0.032,0.062,0.15,0.29,0.265,0.1375,0.0995
03-18-2026 12:00,1773835200,0.0235,0.0085,0.032,0.062,0.15,0.275,0.265,0.1375,0.0995
03-18-2026 13:00,1773838800,0.0235,0.0085,0.032,0.062,0.15,0.275,0.265,0.1375,0.0675
03-18-2026 14:00,1773842400,0.0235,0.0085,0.032,0.062,0.15,0.275,0.265,0.1375,0.081
03-18-2026 15:00,1773846000,0.0235,0.0085,0.032,0.062,0.15,0.27,0.275,0.132,0.081
03-18-2026 16:00,1773849600,0.0235,0.0085,0.032,0.062,0.15,0.265,0.275,0.133,0.1035
03-18-2026 17:00,1773853200,0.0235,0.009,0.032,0.0595,0.155,0.265,0.275,0.133,0.1035
03-18-2026 18:00,1773856800,0.0235,0.009,0.032,0.0595,0.155,0.265,0.27,0.1325,0.1035
03-18-2026 19:00,1773860400,0.0235,0.009,0.032,0.0595,0.155,0.265,0.275,0.133,0.1035
03-18-2026 20:00,1773864000,0.0235,0.009,0.032,0.0595,0.155,0.265,0.275,0.133,0.1035
03-18-2026 21:00,1773867600,0.0235,0.009,0.032,0.0595,0.155,0.275,0.275,0.1425,0.1035
03-18-2026 22:00,1773871200,0.0235,0.009,0.032,0.0595,0.155,0.275,0.275,0.1925,0.06
03-18-2026 23:00,1773874800,0.0235,0.009,0.032,0.0595,0.155,0.275,0.265,0.19,0.059
03-19-2026 00:00,1773878400,0.0235,0.009,0.032,0.0595,0.155,0.275,0.275,0.2015,0.059
03-19-2026 01:00,1773882000,0.0235,0.009,0.032,0.0595,0.155,0.275,0.275,0.1875,0.072
03-19-2026 02:00,1773885600,0.0235,0.009,0.032,0.0595,0.155,0.275,0.255,0.198,0.072
03-19-2026 03:00,1773889200,0.0235,0.009,0.032,0.04,0.155,0.26,0.275,0.136,0.0735
03-19-2026 04:00,1773892800,0.0235,0.009,0.0305,0.064,0.155,0.275,0.255,0.198,0.0725
03-19-2026 05:00,1773896400,0.0235,0.01,0.0305,0.064,0.155,0.275,0.275,0.1965,0.0725
03-19-2026 06:00,1773900000,0.0235,0.01,0.0305,0.064,0.155,0.275,0.275,0.1785,0.0725
03-19-2026 07:00,1773903600,0.0235,0.011,0.0305,0.064,0.155,0.275,0.255,0.1975,0.0725
03-19-2026 08:00,1773907200,0.0235,0.01,0.0305,0.064,0.155,0.275,0.255,0.196,0.0725
03-19-2026 09:00,1773910800,0.0235,0.01,0.0305,0.064,0.155,0.275,0.255,0.1955,0.0725
03-19-2026 10:00,1773914400,0.0235,0.0275,0.0305,0.064,0.155,0.275,0.255,0.1955,0.0725
03-19-2026 11:00,1773918000,0.0235,0.0275,0.0305,0.0595,0.155,0.275,0.255,0.195,0.0725
03-19-2026 12:00,1773921600,0.0235,0.0275,0.0305,0.0595,0.215,0.275,0.26,0.186,0.0725
03-19-2026 13:00,1773925200,0.0235,0.0275,0.0305,0.0595,0.165,0.275,0.275,0.2145,0.0725
03-19-2026 14:00,1773928800,0.0235,0.0275,0.0305,0.0595,0.165,0.275,0.26,0.197,0.0725
03-19-2026 15:00,1773932400,0.0235,0.0275,0.0305,0.0595,0.165,0.275,0.275,0.2015,0.0725
03-19-2026 16:00,1773936000,0.0235,0.0275,0.0305,0.0595,0.165,0.275,0.275,0.178,0.0725
03-19-2026 17:00,1773939600,0.0235,0.0275,0.0305,0.0595,0.165,0.275,0.275,0.21,0.0725
03-19-2026 18:00,1773943200,0.0235,0.0275,0.0305,0.0595,0.165,0.275,0.275,0.1955,0.0725
03-19-2026 19:00,1773946800,0.0235,0.0275,0.0305,0.0595,0.165,0.275,0.275,0.1955,0.0725
03-19-2026 20:00,1773950400,0.0235,0.03,0.035,0.095,0.14,0.26,0.28,0.146,0.073
03-19-2026 21:00,1773954000,0.0235,0.027,0.0305,0.0565,0.15,0.265,0.275,0.1555,0.0715
03-19-2026 22:00,1773957600,0.0235,0.027,0.0305,0.0565,0.15,0.275,0.275,0.2,0.063
03-19-2026 23:00,1773961200,0.0235,0.027,0.0305,0.054,0.15,0.275,0.275,0.2115,0.0815
03-20-2026 00:00,1773964800,0.0235,0.027,0.0305,0.0515,0.15,0.275,0.275,0.2055,0.0825
03-20-2026 01:00,1773968400,0.0235,0.027,0.0305,0.0515,0.15,0.275,0.26,0.2255,0.082
03-20-2026 02:00,1773972000,0.0235,0.027,0.0305,0.0515,0.15,0.275,0.26,0.226,0.082
03-20-2026 03:00,1773975600,0.0235,0.027,0.0305,0.0515,0.15,0.275,0.27,0.2055,0.079
03-20-2026 04:00,1773979200,0.0235,0.027,0.0305,0.0505,0.17,0.275,0.26,0.218,0.0895
03-20-2026 05:00,1773982800,0.0235,0.027,0.0305,0.0505,0.17,0.275,0.26,0.2075,0.08
03-20-2026 06:00,1773986400,0.0235,0.027,0.0305,0.0505,0.17,0.275,0.26,0.2155,0.0895
03-20-2026 07:00,1773990000,0.0235,0.027,0.0305,0.0495,0.185,0.275,0.26,0.2265,0.0815
03-20-2026 08:00,1773993600,0.0235,0.027,0.0305,0.0495,0.185,0.275,0.26,0.225,0.0815
03-20-2026 09:00,1773997200,0.0235,0.027,0.0305,0.0495,0.195,0.275,0.26,0.225,0.0815
03-20-2026 10:00,1774000800,0.0235,0.027,0.0305,0.0495,0.195,0.275,0.26,0.225,0.0815
03-20-2026 11:00,1774004400,0.0235,0.027,0.0305,0.0495,0.215,0.275,0.26,0.225,0.0815
03-20-2026 12:00,1774008000,0.0235,0.027,0.0305,0.0495,0.215,0.275,0.26,0.225,0.0815
03-20-2026 13:00,1774011600,0.0235,0.027,0.0305,0.0495,0.215,0.275,0.265,0.2255,0.0815
03-20-2026 14:00,1774015200,0.0235,0.027,0.0305,0.0495,0.2,0.275,0.265,0.2255,0.0825
03-20-2026 15:00,1774018800,0.0235,0.027,0.0305,0.049,0.165,0.275,0.275,0.2005,0.08
03-20-2026 16:00,1774022400,0.0235,0.027,0.0305,0.049,0.165,0.275,0.265,0.2265,0.082
03-20-2026 17:00,1774026000,0.0235,0.027,0.0305,0.049,0.165,0.275,0.275,0.1855,0.083
03-20-2026 18:00,1774029600,0.0235,0.027,0.0305,0.049,0.165,0.275,0.275,0.2005,0.084
03-20-2026 19:00,1774033200,0.0235,0.027,0.0305,0.049,0.145,0.275,0.275,0.1855,0.084
03-20-2026 20:00,1774036800,0.0235,0.027,0.0305,0.049,0.15,0.275,0.265,0.1895,0.09
03-20-2026 21:00,1774040400,0.0235,0.027,0.0305,0.049,0.15,0.275,0.275,0.186,0.0855
03-20-2026 22:00,1774044000,0.0235,0.027,0.0305,0.049,0.15,0.275,0.265,0.1835,0.0855
03-20-2026 23:00,1774047600,0.0235,0.027,0.0305,0.049,0.18,0.275,0.265,0.223,0.09
03-21-2026 00:00,1774051200,0.0235,0.027,0.0305,0.049,0.18,0.275,0.27,0.2175,0.0855
03-21-2026 01:00,1774054800,0.0235,0.027,0.0305,0.049,0.195,0.275,0.265,0.218,0.09
03-21-2026 02:00,1774058400,0.0235,0.027,0.0305,0.049,0.17,0.275,0.275,0.217,0.085
03-21-2026 03:00,1774062000,0.0235,0.0275,0.0305,0.049,0.145,0.275,0.28,0.1915,0.085
03-21-2026 04:00,1774065600,0.0235,0.027,0.0305,0.048,0.18,0.275,0.265,0.235,0.0805
03-21-2026 05:00,1774069200,0.0235,0.027,0.0305,0.048,0.18,0.275,0.27,0.218,0.0805
03-21-2026 06:00,1774072800,0.0235,0.027,0.0305,0.048,0.18,0.275,0.265,0.231,0.0805
03-21-2026 07:00,1774076400,0.0235,0.027,0.0305,0.0805,0.17,0.275,0.275,0.221,0.08
03-21-2026 08:00,1774080000,0.0235,0.027,0.031,0.0815,0.17,0.275,0.275,0.2105,0.077
03-21-2026 09:00,1774083600,0.0235,0.027,0.03,0.048,0.15,0.275,0.28,0.211,0.075
03-21-2026 10:00,1774087200,0.0235,0.0265,0.031,0.046,0.15,0.275,0.275,0.2105,0.0795
03-21-2026 11:00,1774090800,0.0235,0.0265,0.0305,0.046,0.145,0.275,0.28,0.201,0.076
03-21-2026 12:00,1774094400,0.0235,0.0265,0.0305,0.046,0.17,0.275,0.275,0.2055,0.0755
03-21-2026 13:00,1774098000,0.0235,0.0265,0.0305,0.046,0.15,0.275,0.275,0.2005,0.08
03-21-2026 14:00,1774101600,0.0235,0.0265,0.031,0.046,0.15,0.275,0.275,0.2055,0.078
03-21-2026 15:00,1774105200,0.0235,0.0265,0.031,0.046,0.15,0.275,0.275,0.2055,0.0775
03-21-2026 16:00,1774108800,0.0235,0.0265,0.031,0.046,0.15,0.275,0.28,0.185,0.078
03-21-2026 17:00,1774112400,0.0235,0.0265,0.0305,0.0925,0.15,0.275,0.28,0.1995,0.078
03-21-2026 18:00,1774116000,0.0235,0.0265,0.0305,0.0805,0.15,0.275,0.265,0.194,0.0805
03-21-2026 19:00,1774119600,0.0235,0.0265,0.0305,0.0805,0.15,0.275,0.265,0.194,0.0805
03-21-2026 20:00,1774123200,0.0235,0.0265,0.03,0.0505,0.17,0.275,0.275,0.2055,0.078
03-21-2026 21:00,1774126800,0.0235,0.0265,0.031,0.05,0.17,0.275,0.275,0.2055,0.0785
03-21-2026 22:00,1774130400,0.0235,0.0265,0.0305,0.045,0.15,0.275,0.275,0.201,0.084
03-21-2026 23:00,1774134000,0.0235,0.0265,0.0305,0.045,0.15,0.275,0.275,0.2005,0.076
03-22-2026 00:00,1774137600,0.0235,0.0265,0.0305,0.091,0.15,0.275,0.275,0.2055,0.083
03-22-2026 01:00,1774141200,0.0235,0.0265,0.0305,0.0715,0.15,0.275,0.275,0.201,0.078
03-22-2026 02:00,1774144800,0.0235,0.0265,0.0305,0.061,0.15,0.275,0.28,0.184,0.076
03-22-2026 03:00,1774148400,0.0235,0.0265,0.0305,0.074,0.15,0.275,0.265,0.175,0.0785
03-22-2026 04:00,1774152000,0.0235,0.0265,0.031,0.072,0.165,0.275,0.265,0.175,0.0795
03-22-2026 05:00,1774155600,0.0235,0.0265,0.031,0.072,0.165,0.275,0.265,0.2165,0.0805
03-22-2026 06:00,1774159200,0.0235,0.0265,0.031,0.0725,0.165,0.275,0.275,0.2135,0.0805
03-22-2026 07:00,1774162800,0.0235,0.0265,0.031,0.0725,0.165,0.275,0.265,0.217,0.0805
03-22-2026 08:00,1774166400,0.0235,0.0265,0.031,0.0725,0.165,0.275,0.255,0.217,0.0805
03-22-2026 09:00,1774170000,0.0235,0.0265,0.031,0.0725,0.165,0.275,0.255,0.2255,0.0805
03-22-2026 10:00,1774173600,0.0235,0.0265,0.031,0.076,0.165,0.275,0.26,0.2215,0.0805
03-22-2026 11:00,1774177200,0.0235,0.0265,0.031,0.076,0.165,0.275,0.255,0.2155,0.0805
03-22-2026 12:00,1774180800,0.0235,0.0265,0.031,0.0905,0.165,0.275,0.27,0.206,0.0755
03-22-2026 13:00,1774184400,0.0235,0.0265,0.031,0.045,0.145,0.265,0.275,0.1855,0.0645
03-22-2026 14:00,1774188000,0.0235,0.0265,0.031,0.05,0.145,0.275,0.275,0.1845,0.079
03-22-2026 15:00,1774191600,0.0235,0.0265,0.031,0.0955,0.145,0.275,0.255,0.19,0.074
03-22-2026 16:00,1774195200,0.023,0.0265,0.031,0.067,0.18,0.275,0.265,0.184,0.064
03-22-2026 17:00,1774198800,0.023,0.0265,0.031,0.067,0.18,0.275,0.26,0.1905,0.064
03-22-2026 18:00,1774202400,0.023,0.0265,0.031,0.059,0.18,0.275,0.265,0.1805,0.064
03-22-2026 19:00,1774206000,0.023,0.0265,0.031,0.04,0.17,0.275,0.275,0.1755,0.064
03-22-2026 20:00,1774209600,0.023,0.0265,0.031,0.0585,0.17,0.275,0.26,0.1805,0.0795
03-22-2026 21:00,1774213200,0.023,0.0265,0.031,0.05,0.17,0.275,0.275,0.1755,0.064
03-22-2026 22:00,1774216800,0.023,0.0265,0.031,0.043,0.17,0.275,0.275,0.171,0.0705
03-22-2026 23:00,1774220400,0.023,0.0265,0.031,0.0395,0.17,0.275,0.275,0.1755,0.0695
03-23-2026 00:00,1774224000,0.023,0.027,0.031,0.0405,0.15,0.275,0.275,0.156,0.069
03-23-2026 01:00,1774227600,0.023,0.0265,0.031,0.0495,0.15,0.275,0.275,0.1555,0.0675
03-23-2026 02:00,1774231200,0.023,0.0265,0.031,0.04,0.15,0.275,0.28,0.14,0.0695
03-23-2026 03:00,1774234800,0.023,0.027,0.031,0.059,0.15,0.27,0.28,0.14,0.078
03-23-2026 04:00,1774238400,0.0235,0.027,0.0305,0.0545,0.15,0.275,0.275,0.165,0.075
03-23-2026 05:00,1774242000,0.0235,0.027,0.0305,0.0395,0.15,0.255,0.285,0.1795,0.0675
03-23-2026 06:00,1774245600,0.0235,0.0265,0.0305,0.0405,0.15,0.275,0.285,0.1605,0.0675
03-23-2026 07:00,1774249200,0.0235,0.027,0.0305,0.0405,0.15,0.275,0.285,0.1605,0.065
03-23-2026 08:00,1774252800,0.0235,0.027,0.0305,0.045,0.15,0.275,0.285,0.1605,0.065
03-23-2026 09:00,1774256400,0.0235,0.0265,0.0305,0.0595,0.15,0.255,0.29,0.1455,0.0795
03-23-2026 10:00,1774260000,0.0235,0.0265,0.0305,0.04,0.15,0.255,0.29,0.161,0.0655
03-23-2026 11:00,1774263600,0.0235,0.0265,0.0305,0.0445,0.165,0.255,0.29,0.145,0.063
03-23-2026 12:00,1774267200,0.0235,0.0265,0.0305,0.0425,0.165,0.255,0.29,0.165,0.0675
03-23-2026 13:00,1774270800,0.0235,0.0275,0.0305,0.0555,0.165,0.255,0.29,0.161,0.0655
03-23-2026 14:00,1774274400,0.0235,0.0265,0.0305,0.0505,0.165,0.255,0.29,0.161,0.077
03-23-2026 15:00,1774278000,0.0235,0.0275,0.0305,0.0455,0.165,0.255,0.29,0.161,0.066
03-23-2026 16:00,1774281600,0.0235,0.0265,0.0305,0.039,0.165,0.255,0.29,0.161,0.066
03-23-2026 17:00,1774285200,0.038,0.0295,0.0485,0.04,0.13,0.255,0.29,0.141,0.0655
03-23-2026 18:00,1774288800,0.0285,0.0375,0.035,0.0495,0.13,0.255,0.29,0.156,0.0545
03-23-2026 19:00,1774292400,0.032,0.0295,0.0615,0.04,0.13,0.255,0.29,0.146,0.055
03-23-2026 20:00,1774296000,0.0325,0.0295,0.08,0.04,0.135,0.255,0.29,0.146,0.065
03-23-2026 21:00,1774299600,0.032,0.0345,0.0625,0.0595,0.135,0.255,0.29,0.151,0.0595
03-23-2026 22:00,1774303200,0.0315,0.0265,0.1025,0.046,0.155,0.255,0.29,0.161,0.0545
03-23-2026 23:00,1774306800,0.029,0.0335,0.0425,0.0355,0.135,0.255,0.29,0.146,0.065
03-24-2026 00:00,1774310400,0.0315,0.033,0.047,0.031,0.145,0.255,0.29,0.146,0.0805
03-24-2026 01:00,1774314000,0.032,0.025,0.09,0.078,0.16,0.255,0.29,0.1655,0.0815
03-24-2026 02:00,1774317600,0.032,0.0255,0.09,0.078,0.165,0.255,0.29,0.1655,0.081
03-24-2026 03:00,1774321200,0.033,0.0325,0.07,0.0755,0.135,0.255,0.29,0.141,0.0855
03-24-2026 04:00,1774324800,0.0325,0.0265,0.0405,0.041,0.135,0.26,0.29,0.161,0.0645
03-24-2026 05:00,1774328400,0.033,0.0215,0.072,0.0255,0.15,0.255,0.29,0.156,0.0935
03-24-2026 06:00,1774332000,0.032,0.0265,0.104,0.0595,0.16,0.255,0.29,0.1655,0.0935
03-24-2026 07:00,1774335600,0.0325,0.0275,0.0985,0.0485,0.16,0.255,0.29,0.1655,0.08
03-24-2026 08:00,1774339200,0.0325,0.0265,0.1115,0.0455,0.16,0.255,0.29,0.1655,0.074
03-24-2026 09:00,1774342800,0.0325,0.0265,0.111,0.0455,0.16,0.245,0.29,0.1655,0.075
03-24-2026 10:00,1774346400,0.032,0.0275,0.115,0.0455,0.16,0.245,0.29,0.1655,0.0705
03-24-2026 11:00,1774350000,0.032,0.0265,0.104,0.0725,0.16,0.245,0.29,0.1655,0.0695
03-24-2026 12:00,1774353600,0.033,0.027,0.044,0.0415,0.145,0.245,0.29,0.161,0.064
03-24-2026 13:00,1774357200,0.038,0.039,0.0525,0.0435,0.13,0.245,0.29,0.146,0.0695
03-24-2026 14:00,1774360800,0.038,0.0265,0.052,0.0605,0.145,0.245,0.29,0.1655,0.074
03-24-2026 15:00,1774364400,0.0325,0.0265,0.0425,0.042,0.145,0.245,0.29,0.161,0.069
03-24-2026 16:00,1774368000,0.0335,0.0295,0.046,0.0335,0.135,0.245,0.29,0.151,0.078
03-24-2026 17:00,1774371600,0.0325,0.0345,0.051,0.0285,0.145,0.245,0.29,0.141,0.07
03-24-2026 18:00,1774375200,0.032,0.0265,0.0415,0.0535,0.15,0.245,0.29,0.1655,0.07
03-24-2026 19:00,1774378800,0.032,0.0275,0.042,0.053,0.15,0.245,0.29,0.1655,0.0635
03-24-2026 20:00,1774382400,0.0325,0.0265,0.042,0.053,0.15,0.245,0.29,0.1655,0.059
03-24-2026 21:00,1774386000,0.032,0.0345,0.0435,0.0385,0.135,0.245,0.29,0.156,0.057
03-24-2026 22:00,1774389600,0.032,0.0395,0.042,0.028,0.13,0.245,0.29,0.146,0.057
03-24-2026 23:00,1774393200,0.033,0.022,0.042,0.0255,0.135,0.245,0.29,0.151,0.0755
03-25-2026 00:00,1774396800,0.037,0.034,0.042,0.036,0.135,0.25,0.29,0.146,0.079
03-25-2026 01:00,1774400400,0.038,0.0345,0.0405,0.037,0.145,0.25,0.29,0.1655,0.084
03-25-2026 02:00,1774404000,0.033,0.0345,0.0335,0.038,0.15,0.25,0.29,0.141,0.077
03-25-2026 03:00,1774407600,0.0285,0.0295,0.0425,0.043,0.145,0.25,0.29,0.146,0.08
03-25-2026 04:00,1774411200,0.033,0.0265,0.033,0.0475,0.145,0.25,0.29,0.1655,0.056
03-25-2026 05:00,1774414800,0.033,0.0395,0.0315,0.042,0.15,0.255,0.29,0.146,0.057
03-25-2026 06:00,1774418400,0.0295,0.0295,0.031,0.043,0.15,0.255,0.29,0.141,0.0305
03-25-2026 07:00,1774422000,0.033,0.027,0.03,0.0435,0.145,0.255,0.29,0.161,0.047
03-25-2026 08:00,1774425600,0.033,0.0265,0.03,0.043,0.145,0.255,0.29,0.161,0.0485
03-25-2026 09:00,1774429200,0.033,0.0265,0.03,0.043,0.125,0.255,0.29,0.145,0.045
03-25-2026 10:00,1774432800,0.032,0.027,0.03,0.042,0.125,0.255,0.29,0.1455,0.0475
03-25-2026 11:00,1774436400,0.032,0.0265,0.03,0.042,0.135,0.255,0.29,0.1225,0.0495
03-25-2026 12:00,1774440000,0.0325,0.027,0.03,0.042,0.135,0.255,0.29,0.1265,0.0455
03-25-2026 13:00,1774443600,0.032,0.027,0.034,0.042,0.135,0.255,0.33,0.128,0.063
03-25-2026 14:00,1774447200,0.0325,0.027,0.038,0.0335,0.135,0.255,0.32,0.125,0.0895
03-25-2026 15:00,1774450800,0.0325,0.027,0.032,0.057,0.12,0.255,0.275,0.2245,0.0635
03-25-2026 16:00,1774454400,0.0325,0.039,0.0305,0.033,0.115,0.255,0.26,0.242,0.054
03-25-2026 17:00,1774458000,0.0325,0.027,0.0295,0.028,0.115,0.255,0.28,0.2075,0.0805
03-25-2026 18:00,1774461600,0.032,0.0235,0.0285,0.0455,0.115,0.255,0.28,0.2025,0.0665
03-25-2026 19:00,1774465200,0.0325,0.025,0.0285,0.0415,0.115,0.255,0.28,0.1965,0.0605
03-25-2026 20:00,1774468800,0.029,0.0265,0.032,0.0275,0.125,0.26,0.28,0.182,0.065
03-25-2026 21:00,1774472400,0.038,0.031,0.0275,0.0325,0.135,0.245,0.305,0.1835,0.069
03-25-2026 22:00,1774476000,0.0325,0.0235,0.0275,0.042,0.14,0.26,0.305,0.184,0.059
03-25-2026 23:00,1774479600,0.038,0.036,0.029,0.028,0.14,0.26,0.305,0.1715,0.052
03-26-2026 00:00,1774483200,0.032,0.0235,0.0295,0.042,0.135,0.255,0.305,0.1635,0.056
03-26-2026 01:00,1774486800,0.0295,0.031,0.029,0.038,0.135,0.25,0.295,0.149,0.058
03-26-2026 02:00,1774490400,0.0295,0.031,0.029,0.033,0.135,0.25,0.3,0.148,0.027
03-26-2026 03:00,1774494000,0.0325,0.031,0.029,0.033,0.13,0.25,0.305,0.1495,0.0225
03-26-2026 04:00,1774497600,0.033,0.0235,0.0325,0.0515,0.13,0.25,0.285,0.1515,0.046
03-26-2026 05:00,1774501200,0.029,0.0265,0.033,0.038,0.13,0.25,0.285,0.1495,0.0315
03-26-2026 06:00,1774504800,0.0325,0.0235,0.0445,0.053,0.13,0.25,0.305,0.1585,0.0465
03-26-2026 07:00,1774508400,0.032,0.0235,0.044,0.051,0.155,0.26,0.28,0.1555,0.0555
03-26-2026 08:00,1774512000,0.0315,0.0235,0.0445,0.051,0.155,0.26,0.28,0.1675,0.0625
03-26-2026 09:00,1774515600,0.0315,0.024,0.044,0.051,0.155,0.26,0.29,0.1635,0.0625
03-26-2026 10:00,1774519200,0.0315,0.0235,0.044,0.051,0.155,0.26,0.29,0.165,0.0625
03-26-2026 11:00,1774522800,0.0305,0.0245,0.044,0.051,0.155,0.26,0.29,0.1655,0.0635
03-26-2026 12:00,1774526400,0.0305,0.0275,0.035,0.045,0.155,0.26,0.315,0.159,0.0635
03-26-2026 13:00,1774530000,0.027,0.027,0.0365,0.046,0.135,0.26,0.315,0.1515,0.0635
03-26-2026 14:00,1774533600,0.027,0.027,0.046,0.053,0.14,0.26,0.315,0.161,0.0635
03-26-2026 15:00,1774537200,0.033,0.0345,0.0355,0.0365,0.125,0.245,0.305,0.138,0.0925
03-26-2026 16:00,1774540800,0.0175,0.012,0.032,0.045,0.12,0.26,0.305,0.1365,0.066
03-26-2026 17:00,1774544400,0.0175,0.012,0.032,0.045,0.12,0.26,0.32,0.153,0.0735
03-26-2026 18:00,1774548000,0.017,0.012,0.036,0.047,0.135,0.26,0.32,0.1485,0.075
03-26-2026 19:00,1774551600,0.0275,0.0135,0.041,0.032,0.15,0.25,0.315,0.1475,0.0905
03-26-2026 20:00,1774555200,0.025,0.012,0.0325,0.0765,0.185,0.25,0.305,0.1475,0.0755
03-26-2026 21:00,1774558800,0.027,0.0125,0.0255,0.071,0.155,0.25,0.295,0.162,0.071
03-26-2026 22:00,1774562400,0.036,0.0395,0.0295,0.0715,0.13,0.25,0.295,0.1525,0.079
03-26-2026 23:00,1774566000,0.0265,0.027,0.0255,0.0705,0.15,0.25,0.295,0.1625,0.0675
03-27-2026 00:00,1774569600,0.027,0.0275,0.027,0.0765,0.135,0.26,0.285,0.1685,0.0795
03-27-2026 01:00,1774573200,0.027,0.0275,0.0215,0.0865,0.135,0.255,0.315,0.1565,0.071
03-27-2026 02:00,1774576800,0.025,0.0295,0.0255,0.0735,0.13,0.255,0.3,0.1485,0.068
03-27-2026 03:00,1774580400,0.0285,0.027,0.026,0.07,0.135,0.265,0.315,0.156,0.0655
03-27-2026 04:00,1774584000,0.0285,0.028,0.027,0.086,0.135,0.26,0.3,0.153,0.06
03-27-2026 05:00,1774587600,0.026,0.022,0.033,0.0825,0.135,0.26,0.295,0.1615,0.084
03-27-2026 06:00,1774591200,0.0285,0.027,0.036,0.0805,0.135,0.26,0.305,0.163,0.068
03-27-2026 07:00,1774594800,0.033,0.035,0.034,0.078,0.135,0.26,0.3,0.157,0.0795
03-27-2026 08:00,1774598400,0.0285,0.027,0.0335,0.076,0.125,0.26,0.305,0.16,0.0735
03-27-2026 09:00,1774602000,0.029,0.027,0.0345,0.078,0.125,0.265,0.305,0.1605,0.0635
03-27-2026 10:00,1774605600,0.029,0.0275,0.0405,0.127,0.125,0.26,0.305,0.176,0.048
03-27-2026 11:00,1774609200,0.0285,0.0275,0.0405,0.1265,0.12,0.26,0.31,0.1765,0.058
03-27-2026 12:00,1774612800,0.029,0.0275,0.0405,0.103,0.12,0.26,0.315,0.1715,0.066
03-27-2026 13:00,1774616400,0.025,0.04,0.036,0.0755,0.12,0.255,0.27,0.171,0.079
03-27-2026 14:00,1774620000,0.028,0.027,0.039,0.0755,0.125,0.265,0.305,0.174,0.061
03-27-2026 15:00,1774623600,0.028,0.039,0.0475,0.075,0.12,0.265,0.305,0.145,0.0625
03-27-2026 16:00,1774627200,0.0285,0.0275,0.04,0.077,0.125,0.275,0.305,0.156,0.0545
03-27-2026 17:00,1774630800,0.0285,0.0395,0.0405,0.08,0.125,0.275,0.295,0.154,0.039
03-27-2026 18:00,1774634400,0.0295,0.0295,0.0405,0.095,0.12,0.275,0.29,0.154,0.07
03-27-2026 19:00,1774638000,0.0375,0.0345,0.036,0.076,0.12,0.265,0.29,0.162,0.0785
03-27-2026 20:00,1774641600,0.0325,0.027,0.028,0.0595,0.125,0.275,0.285,0.1595,0.079
03-27-2026 21:00,1774645200,0.0325,0.022,0.0275,0.0675,0.125,0.275,0.29,0.1605,0.076
03-27-2026 22:00,1774648800,0.028,0.022,0.0375,0.0855,0.12,0.275,0.265,0.159,0.0485
03-27-2026 23:00,1774652400,0.028,0.0225,0.037,0.08,0.12,0.28,0.265,0.165,0.0535
03-28-2026 00:00,1774656000,0.028,0.0225,0.038,0.08,0.12,0.27,0.265,0.1655,0.0495
03-28-2026 01:00,1774659600,0.028,0.0225,0.035,0.07,0.12,0.265,0.265,0.1655,0.049
03-28-2026 02:00,1774663200,0.028,0.0225,0.038,0.07,0.12,0.275,0.265,0.161,0.0445
03-28-2026 03:00,1774666800,0.028,0.0225,0.038,0.088,0.12,0.275,0.285,0.144,0.04
03-28-2026 04:00,1774670400,0.028,0.0225,0.0335,0.022,0.12,0.275,0.26,0.159,0.041
03-28-2026 05:00,1774674000,0.028,0.0225,0.0375,0.1185,0.12,0.275,0.26,0.159,0.041
03-28-2026 06:00,1774677600,0.028,0.0225,0.038,0.1185,0.12,0.275,0.26,0.159,0.041
03-28-2026 07:00,1774681200,0.028,0.0225,0.0375,0.1185,0.12,0.275,0.26,0.1545,0.041
03-28-2026 08:00,1774684800,0.028,0.0225,0.038,0.1185,0.12,0.275,0.26,0.1545,0.041
03-28-2026 09:00,1774688400,0.028,0.021,0.0375,0.1185,0.12,0.275,0.26,0.1545,0.041
03-28-2026 10:00,1774692000,0.028,0.0215,0.0375,0.12,0.12,0.275,0.26,0.1545,0.041
03-28-2026 11:00,1774695600,0.028,0.022,0.0375,0.121,0.12,0.275,0.26,0.1545,0.041
03-28-2026 12:00,1774699200,0.028,0.022,0.038,0.0985,0.12,0.28,0.265,0.1545,0.041
03-28-2026 13:00,1774702800,0.028,0.0275,0.0365,0.095,0.12,0.285,0.275,0.151,0.037
03-28-2026 14:00,1774706400,0.028,0.0195,0.038,0.0605,0.12,0.29,0.275,0.1545,0.046
03-28-2026 15:00,1774710000,0.028,0.027,0.037,0.0905,0.12,0.295,0.28,0.1445,0.037
03-28-2026 16:00,1774713600,0.0285,0.0195,0.037,0.0615,0.105,0.29,0.265,0.1635,0.033
03-28-2026 17:00,1774717200,0.0285,0.0195,0.035,0.0615,0.105,0.29,0.295,0.173,0.033
03-28-2026 18:00,1774720800,0.0285,0.0195,0.0365,0.0605,0.105,0.29,0.295,0.1545,0.033
03-28-2026 19:00,1774724400,0.0285,0.02,0.036,0.0625,0.105,0.29,0.295,0.1545,0.058
03-28-2026 20:00,1774728000,0.0285,0.027,0.0375,0.075,0.105,0.295,0.285,0.1505,0.0605
03-28-2026 21:00,1774731600,0.0285,0.02,0.0365,0.0625,0.105,0.325,0.295,0.1505,0.0435
03-28-2026 22:00,1774735200,0.0285,0.0205,0.0335,0.102,0.105,0.32,0.27,0.1505,0.037
03-28-2026 23:00,1774738800,0.0285,0.0205,0.035,0.0575,0.105,0.315,0.29,0.1505,0.0525
03-29-2026 00:00,1774742400,0.0285,0.0205,0.0355,0.0505,0.105,0.295,0.29,0.1505,0.051
03-29-2026 01:00,1774746000,0.0285,0.0205,0.0355,0.0485,0.105,0.285,0.3,0.146,0.056
03-29-2026 02:00,1774749600,0.0285,0.022,0.0355,0.0475,0.105,0.285,0.3,0.146,0.051
03-29-2026 03:00,1774753200,0.0285,0.022,0.036,0.047,0.105,0.285,0.3,0.146,0.047
03-29-2026 04:00,1774756800,0.028,0.022,0.036,0.047,0.105,0.285,0.3,0.146,0.052
03-29-2026 05:00,1774760400,0.028,0.022,0.037,0.093,0.105,0.285,0.3,0.146,0.052
03-29-2026 06:00,1774764000,0.028,0.022,0.0375,0.052,0.105,0.29,0.3,0.146,0.052
03-29-2026 07:00,1774767600,0.028,0.022,0.035,0.0455,0.105,0.29,0.3,0.146,0.0515
03-29-2026 08:00,1774771200,0.028,0.022,0.036,0.047,0.105,0.29,0.3,0.146,0.051
03-29-2026 09:00,1774774800,0.028,0.022,0.036,0.043,0.105,0.29,0.3,0.146,0.049
03-29-2026 10:00,1774778400,0.028,0.022,0.0365,0.046,0.105,0.295,0.3,0.146,0.0505
03-29-2026 11:00,1774782000,0.028,0.022,0.038,0.0775,0.105,0.295,0.3,0.146,0.0515
03-29-2026 12:00,1774785600,0.028,0.022,0.0375,0.0825,0.105,0.295,0.3,0.146,0.0515
03-29-2026 13:00,1774789200,0.028,0.0215,0.0415,0.0835,0.105,0.31,0.3,0.143,0.058
03-29-2026 14:00,1774792800,0.028,0.0215,0.035,0.0465,0.105,0.28,0.29,0.145,0.058
03-29-2026 15:00,1774796400,0.028,0.0215,0.034,0.047,0.105,0.28,0.29,0.145,0.057
03-29-2026 16:00,1774800000,0.04,0.021,0.035,0.037,0.105,0.28,0.285,0.14,0.0595
03-29-2026 17:00,1774803600,0.04,0.031,0.0385,0.047,0.105,0.28,0.285,0.135,0.0595
03-29-2026 18:00,1774807200,0.04,0.031,0.037,0.037,0.105,0.28,0.285,0.135,0.0595
03-29-2026 19:00,1774810800,0.0445,0.021,0.0375,0.047,0.14,0.28,0.29,0.15,0.046
03-29-2026 20:00,1774814400,0.044,0.021,0.037,0.047,0.135,0.28,0.29,0.1455,0.0495
03-29-2026 21:00,1774818000,0.044,0.021,0.035,0.047,0.135,0.28,0.27,0.1405,0.0495
03-29-2026 22:00,1774821600,0.044,0.021,0.035,0.055,0.135,0.28,0.29,0.1405,0.0495
03-29-2026 23:00,1774825200,0.044,0.021,0.035,0.055,0.135,0.28,0.29,0.1405,0.0495
03-30-2026 00:00,1774828800,0.044,0.021,0.035,0.1005,0.135,0.28,0.27,0.1405,0.0495
03-30-2026 01:00,1774832400,0.044,0.022,0.0375,0.0625,0.135,0.28,0.285,0.154,0.0575
03-30-2026 02:00,1774836000,0.044,0.022,0.044,0.042,0.135,0.28,0.28,0.1355,0.0585
03-30-2026 03:00,1774839600,0.044,0.022,0.0395,0.0465,0.135,0.28,0.285,0.1355,0.0585
03-30-2026 04:00,1774843200,0.044,0.022,0.039,0.0465,0.135,0.265,0.275,0.1355,0.0585
03-30-2026 05:00,1774846800,0.044,0.022,0.04,0.042,0.135,0.29,0.29,0.1355,0.0585
03-30-2026 06:00,1774850400,0.044,0.0195,0.039,0.047,0.135,0.29,0.29,0.1475,0.0585
03-30-2026 07:00,1774854000,0.044,0.0195,0.039,0.047,0.135,0.29,0.29,0.1475,0.0585
03-30-2026 08:00,1774857600,0.044,0.0195,0.0385,0.052,0.135,0.29,0.295,0.1495,0.056
03-30-2026 09:00,1774861200,0.044,0.0195,0.039,0.0445,0.135,0.29,0.295,0.1495,0.056
03-30-2026 10:00,1774864800,0.0305,0.0195,0.039,0.046,0.12,0.29,0.295,0.1515,0.0385
03-30-2026 11:00,1774868400,0.0305,0.0195,0.0385,0.0455,0.12,0.29,0.295,0.1555,0.036
03-30-2026 12:00,1774872000,0.0305,0.0195,0.0385,0.047,0.12,0.33,0.295,0.1555,0.036
03-30-2026 13:00,1774875600,0.0305,0.0195,0.079,0.0675,0.12,0.32,0.295,0.1555,0.036
03-30-2026 14:00,1774879200,0.0305,0.0195,0.074,0.0635,0.12,0.325,0.295,0.1555,0.036
03-30-2026 15:00,1774882800,0.0305,0.0195,0.0385,0.037,0.12,0.315,0.295,0.1555,0.036
03-30-2026 16:00,1774886400,0.0305,0.0195,0.0445,0.0575,0.12,0.32,0.295,0.16,0.0335
03-30-2026 17:00,1774890000,0.0305,0.0195,0.0445,0.0575,0.12,0.29,0.265,0.16,0.0335
03-30-2026 18:00,1774893600,0.0305,0.0195,0.03,0.0515,0.12,0.29,0.27,0.16,0.0335
03-30-2026 19:00,1774897200,0.0305,0.0195,0.03,0.0645,0.12,0.31,0.265,0.16,0.0335
03-30-2026 20:00,1774900800,0.0305,0.0195,0.03,0.0595,0.12,0.295,0.27,0.16,0.0335
03-30-2026 21:00,1774904400,0.0305,0.0195,0.0275,0.0645,0.12,0.295,0.275,0.1465,0.0335
03-30-2026 22:00,1774908000,0.028,0.024,0.0285,0.057,0.12,0.3,0.295,0.1465,0.035
03-30-2026 23:00,1774911600,0.028,0.023,0.0445,0.0525,0.12,0.305,0.29,0.1465,0.038
03-31-2026 00:00,1774915200,0.028,0.023,0.036,0.0565,0.12,0.295,0.295,0.1465,0.038
03-31-2026 01:00,1774918800,0.028,0.0215,0.0365,0.0555,0.12,0.295,0.295,0.1075,0.0705
03-31-2026 02:00,1774922400,0.028,0.0215,0.0365,0.0495,0.12,0.295,0.295,0.1075,0.0705
03-31-2026 03:00,1774926000,0.028,0.0215,0.0365,0.0495,0.12,0.29,0.295,0.1075,0.0705
03-31-2026 04:00,1774929600,0.028,0.021,0.028,0.05,0.12,0.29,0.295,0.108,0.068
03-31-2026 05:00,1774933200,0.027,0.021,0.029,0.052,0.18,0.29,0.275,0.1055,0.0745
03-31-2026 06:00,1774936800,0.027,0.021,0.027,0.054,0.18,0.29,0.275,0.1055,0.0745
03-31-2026 07:00,1774940400,0.027,0.021,0.0685,0.051,0.18,0.29,0.255,0.1055,0.0745
03-31-2026 08:00,1774944000,0.027,0.021,0.074,0.051,0.18,0.29,0.255,0.121,0.0825
03-31-2026 09:00,1774947600,0.027,0.021,0.076,0.051,0.18,0.29,0.255,0.121,0.0825
03-31-2026 10:00,1774951200,0.027,0.021,0.076,0.051,0.18,0.28,0.255,0.1165,0.082
03-31-2026 11:00,1774954800,0.027,0.021,0.0775,0.051,0.18,0.28,0.25,0.1165,0.082
03-31-2026 12:00,1774958400,0.027,0.021,0.0775,0.051,0.18,0.285,0.255,0.1165,0.082
03-31-2026 13:00,1774962000,0.027,0.021,0.0695,0.0515,0.18,0.285,0.255,0.107,0.082
03-31-2026 14:00,1774965600,0.027,0.021,0.075,0.0515,0.18,0.325,0.29,0.107,0.082
03-31-2026 15:00,1774969200,0.027,0.021,0.027,0.054,0.18,0.31,0.29,0.1255,0.065
03-31-2026 16:00,1774972800,0.027,0.021,0.0555,0.047,0.18,0.295,0.26,0.1255,0.065
03-31-2026 17:00,1774976400,0.026,0.033,0.0605,0.051,0.155,0.32,0.25,0.1145,0.075
03-31-2026 18:00,1774980000,0.026,0.033,0.0185,0.0515,0.155,0.33,0.255,0.1145,0.075
03-31-2026 20:00,1774987200,0.025,0.033,0.0185,0.0515,0.16,0.345,0.31,0.1145,0.075
03-31-2026 21:00,1774990800,0.025,0.033,0.017,0.097,0.16,0.345,0.3,0.1145,0.075
03-31-2026 22:00,1774994400,0.025,0.033,0.0635,0.0965,0.16,0.35,0.31,0.1145,0.075
03-31-2026 23:00,1774998000,0.025,0.023,0.047,0.0965,0.16,0.345,0.3,0.0975,0.0365
04-01-2026 00:00,1775001600,0.025,0.023,0.047,0.0965,0.16,0.345,0.305,0.0975,0.0365
04-01-2026 01:00,1775005200,0.0215,0.0215,0.0455,0.096,0.245,0.345,0.31,0.0975,0.0285
04-01-2026 02:00,1775008800,0.0195,0.017,0.019,0.047,0.175,0.31,0.36,0.1145,0.0325
04-01-2026 03:00,1775012400,0.0195,0.007,0.014,0.103,0.175,0.38,0.26,0.097,0.032
04-01-2026 04:00,1775016000,0.0195,0.007,0.014,0.065,0.175,0.34,0.275,0.097,0.032
04-01-2026 05:00,1775019600,0.0195,0.0045,0.014,0.0455,0.195,0.335,0.27,0.12,0.0195
04-01-2026 06:00,1775023200,0.0185,0.0045,0.0135,0.0445,0.19,0.345,0.26,0.1205,0.0185
04-01-2026 07:00,1775026800,0.0185,0.0045,0.0135,0.0445,0.19,0.32,0.3,0.121,0.0185
04-01-2026 08:00,1775030400,0.015,0.0045,0.0135,0.045,0.19,0.335,0.285,0.1195,0.018
04-01-2026 09:00,1775034000,0.0145,0.0045,0.013,0.045,0.195,0.33,0.285,0.121,0.017
04-01-2026 10:00,1775037600,0.009,0.005,0.013,0.046,0.19,0.295,0.285,0.122,0.0205
04-01-2026 11:00,1775041200,0.006,0.005,0.013,0.071,0.19,0.295,0.29,0.1165,0.0205
04-01-2026 12:00,1775044800,0.006,0.005,0.013,0.071,0.19,0.295,0.29,0.1165,0.0205
04-01-2026 13:00,1775048400,0.005,0.005,0.013,0.0415,0.18,0.325,0.29,0.1095,0.0225
04-01-2026 14:00,1775052000,0.005,0.005,0.013,0.0415,0.185,0.3,0.285,0.114,0.025
04-01-2026 15:00,1775055600,0.005,0.005,0.013,0.0445,0.185,0.3,0.25,0.086,0.031
04-01-2026 16:00,1775059200,0.005,0.005,0.013,0.0445,0.185,0.33,0.275,0.114,0.0335
04-01-2026 17:00,1775062800,0.005,0.005,0.013,0.0445,0.185,0.305,0.315,0.114,0.0335
04-01-2026 18:00,1775066400,0.005,0.005,0.013,0.0445,0.185,0.325,0.325,0.104,0.022
04-01-2026 19:00,1775070000,0.005,0.005,0.013,0.0445,0.185,0.335,0.365,0.104,0.022
04-01-2026 20:00,1775073600,0.005,0.005,0.013,0.0445,0.185,0.305,0.255,0.104,0.022
04-01-2026 21:00,1775077200,0.0045,0.0055,0.013,0.0445,0.175,0.305,0.255,0.094,0.021
04-01-2026 22:00,1775080800,0.0045,0.0025,0.013,0.0255,0.2,0.335,0.295,0.1015,0.027
04-01-2026 23:00,1775084400,0.0045,0.0025,0.014,0.0455,0.2,0.345,0.295,0.1015,0.027
04-02-2026 00:00,1775088000,0.0045,0.0025,0.014,0.0465,0.2,0.34,0.295,0.1015,0.027
04-02-2026 01:00,1775091600,0.0045,0.0025,0.006,0.0355,0.2,0.34,0.31,0.073,0.027
04-02-2026 02:00,1775095200,0.0045,0.0025,0.006,0.0345,0.2,0.34,0.29,0.055,0.0065
04-02-2026 03:00,1775098800,0.0045,0.0025,0.006,0.0345,0.2,0.34,0.29,0.055,0.0065
04-02-2026 04:00,1775102400,0.0045,0.0025,0.01,0.041,0.175,0.335,0.29,0.036,0.0255
04-02-2026 05:00,1775106000,0.0045,0.0025,0.015,0.047,0.19,0.335,0.295,0.0305,0.02
04-02-2026 06:00,1775109600,0.0045,0.0025,0.015,0.052,0.19,0.335,0.29,0.0305,0.02
04-02-2026 07:00,1775113200,0.0045,0.0025,0.0125,0.0495,0.22,0.34,0.275,0.0275,0.0225
04-02-2026 08:00,1775116800,0.0045,0.0025,0.012,0.0505,0.175,0.34,0.275,0.024,0.0225
04-02-2026 09:00,1775120400,0.0045,0.0025,0.0125,0.065,0.175,0.34,0.28,0.025,0.022
04-02-2026 10:00,1775124000,0.0045,0.0025,0.012,0.0705,0.175,0.34,0.275,0.024,0.0165
04-02-2026 11:00,1775127600,0.0045,0.0025,0.0125,0.069,0.175,0.34,0.28,0.025,0.017
04-02-2026 12:00,1775131200,0.0045,0.0025,0.012,0.034,0.175,0.44,0.245,0.025,0.017
04-02-2026 13:00,1775134800,0.0045,0.0025,0.012,0.034,0.175,0.395,0.265,0.025,0.017
04-02-2026 14:00,1775138400,0.0045,0.0025,0.012,0.0365,0.175,0.38,0.28,0.025,0.017
04-02-2026 15:00,1775142000,0.0035,0.0025,0.012,0.0365,0.19,0.38,0.28,0.025,0.017
04-02-2026 16:00,1775145600,0.003,0.0025,0.012,0.0365,0.215,0.38,0.28,0.034,0.0245
04-02-2026 17:00,1775149200,0.003,0.0025,0.013,0.0405,0.225,0.37,0.29,0.039,0.026
04-02-2026 18:00,1775152800,0.003,0.0025,0.013,0.041,0.225,0.385,0.25,0.039,0.027
04-02-2026 19:00,1775156400,0.003,0.0025,0.013,0.0385,0.215,0.41,0.25,0.043,0.0265
04-02-2026 20:00,1775160000,0.003,0.0025,0.015,0.039,0.2,0.4,0.225,0.0425,0.024
04-02-2026 21:00,1775163600,0.003,0.0025,0.015,0.039,0.2,0.4,0.235,0.0425,0.024
04-02-2026 22:00,1775167200,0.004,0.0025,0.0145,0.0355,0.2,0.415,0.23,0.0375,0.022
04-02-2026 23:00,1775170800,0.004,0.0015,0.0135,0.032,0.22,0.385,0.225,0.0575,0.022
04-03-2026 00:00,1775174400,0.004,0.0015,0.0135,0.032,0.22,0.39,0.235,0.0575,0.022
04-03-2026 01:00,1775178000,0.004,0.0015,0.009,0.0265,0.205,0.4,0.235,0.0725,0.0175
04-03-2026 02:00,1775181600,0.004,0.0015,0.009,0.0315,0.19,0.405,0.24,0.079,0.0165
04-03-2026 03:00,1775185200,0.004,0.0015,0.009,0.0315,0.19,0.41,0.24,0.079,0.0165
04-03-2026 04:00,1775188800,0.004,0.0015,0.009,0.027,0.22,0.425,0.245,0.0735,0.0125
04-03-2026 05:00,1775192400,0.004,0.0015,0.009,0.026,0.205,0.405,0.285,0.079,0.0145
04-03-2026 07:00,1775199600,0.0035,0.0015,0.0095,0.011,0.205,0.44,0.25,0.0545,0.015
04-03-2026 08:00,1775203200,0.0035,0.0015,0.009,0.026,0.21,0.43,0.245,0.0675,0.012
04-03-2026 09:00,1775206800,0.0035,0.0015,0.0245,0.0265,0.21,0.415,0.26,0.0855,0.0145
04-03-2026 10:00,1775210400,0.0035,0.0015,0.013,0.0105,0.26,0.435,0.255,0.0725,0.0165
04-03-2026 11:00,1775214000,0.0035,0.0025,0.0105,0.0255,0.26,0.445,0.18,0.0835,0.0145
04-03-2026 12:00,1775217600,0.0035,0.0025,0.0165,0.024,0.26,0.395,0.235,0.0835,0.0145
04-03-2026 13:00,1775221200,0.0035,0.0025,0.0005,0.0005,0.26,0.0005,0.0005,0.0835,0.0145
04-03-2026 14:00,1775224800,0.0035,0.0005,0.0005,0.0005,0.26,0.0005,0.0005,0.0005,0.0005
04-03-2026 15:00,1775228400,0.0035,0.0005,0.0005,0.0005,0.26,0.0005,0.0005,0.0005,0.0005
04-03-2026 16:00,1775232000,0.0035,0.0005,0.0005,0.0005,0.26,0.0005,0.0005,0.0005,0.0005
